started_at_utc,concurrency,repetition,workload,start_range,end_range,buffer_size,use_index,warmup,status,exit_code,query_elapsed_ms,process_wall_ms,process_cpu_ms,result_count,jvm_heap_used_end_bytes,jvm_heap_committed_end_bytes,jvm_heap_pool_peak_sum_bytes,peak_rss_bytes,minor_faults,major_faults,error
2026-06-16T15:37:35.621830+00:00,1,1,small_a_range,a,az,20,False,False,ok,0,7889.990119,7969.840724,9280.0,14525,192605616,541065216,323022872,519708672,127912,0,
2026-06-16T15:37:43.592149+00:00,1,1,medium_m_range,m,mz,20,False,False,ok,0,6255.775544,6341.432303,7570.0,11047,100151960,557842432,333486328,540078080,132644,0,
2026-06-16T15:37:49.934076+00:00,1,1,medium_t_range,the,thez,20,False,False,ok,0,11476.646495,11561.558754,13000.0,24225,56353592,541065216,322976064,521097216,130935,0,
2026-06-16T15:38:01.496101+00:00,1,2,small_a_range,a,az,20,False,False,ok,0,7931.876746,8010.385136,9260.0,14525,221967424,476053504,285284592,463659008,113554,0,
2026-06-16T15:38:09.507026+00:00,1,2,medium_m_range,m,mz,20,False,False,ok,0,6348.951217,6428.834912,7630.0,11047,198738128,559939584,335626480,551112704,136541,0,
2026-06-16T15:38:15.936291+00:00,1,2,medium_t_range,the,thez,20,False,False,ok,0,11488.773443,11569.051921,12860.0,24225,24889024,541065216,322980488,526262272,129141,0,
2026-06-16T15:38:27.505865+00:00,1,3,small_a_range,a,az,20,False,False,ok,0,7858.014242,7938.896398,9230.0,14525,318444280,541065216,323009688,522973184,128093,0,
2026-06-16T15:38:35.445303+00:00,1,3,medium_m_range,m,mz,20,False,False,ok,0,6179.49561,6261.691434,7470.0,11047,246947456,545259520,326973064,528945152,131014,0,
2026-06-16T15:38:41.707452+00:00,1,3,medium_t_range,the,thez,20,False,False,ok,0,11114.575901,11193.405577,12600.0,24225,192669752,541065216,322995120,529477632,134715,0,
2026-06-16T15:38:52.901424+00:00,1,4,small_a_range,a,az,20,False,False,ok,0,7645.225238,7728.66135,8910.0,14525,198926016,488636416,291581112,474419200,116722,0,
2026-06-16T15:39:00.630573+00:00,1,4,medium_m_range,m,mz,20,False,False,ok,0,6298.021309,6387.358832,7410.0,11047,263742456,541065216,323024792,523685888,125415,0,
2026-06-16T15:39:07.018387+00:00,1,4,medium_t_range,the,thez,20,False,False,ok,0,11558.67758,11638.520543,12920.0,24225,209433048,541065216,322990344,520785920,127578,0,
2026-06-16T15:39:18.657354+00:00,1,5,small_a_range,a,az,20,False,False,ok,0,7637.7122,7716.766547,8940.0,14525,228277488,528482304,316758592,515592192,125014,0,
2026-06-16T15:39:26.374545+00:00,1,5,medium_m_range,m,mz,20,False,False,ok,0,6252.280043,6329.965363,7580.0,11047,165179000,478150656,285273312,467140608,115289,0,
2026-06-16T15:39:32.704976+00:00,1,5,medium_t_range,the,thez,20,False,False,ok,0,11713.853089,11800.710348,13160.0,24225,278621208,541065216,322875008,519696384,129536,0,
2026-06-16T15:40:02.685399+00:00,2,1,medium_m_range,m,mz,20,False,False,ok,0,6926.216418,7004.455894,8690.0,11047,3688768,469762048,281062976,454668288,110986,25,
2026-06-16T15:40:02.685300+00:00,2,1,small_a_range,a,az,20,False,False,ok,0,8401.94288,8484.936426,10210.0,14525,203123496,541065216,323002296,520679424,128931,26,
2026-06-16T15:40:11.170738+00:00,2,2,small_a_range,a,az,20,False,False,ok,0,8257.654144,8342.453709,9870.0,14525,182137112,541065216,322811816,517828608,130190,0,
2026-06-16T15:40:09.690447+00:00,2,1,medium_t_range,the,thez,20,False,False,ok,0,12493.169313,12573.494809,14290.0,24225,108771600,450887680,270352424,439279616,113682,0,
2026-06-16T15:40:19.513669+00:00,2,2,medium_m_range,m,mz,20,False,False,ok,0,6743.011106,6820.298482,8360.0,11047,26768096,450887680,270585496,438784000,108969,0,
2026-06-16T15:40:22.264466+00:00,2,2,medium_t_range,the,thez,20,False,False,ok,0,11909.639578,12005.38275,13700.0,24225,173759848,541065216,322762888,519426048,132287,0,
2026-06-16T15:40:26.334571+00:00,2,3,small_a_range,a,az,20,False,False,ok,0,8010.187634,8108.528935,9500.0,14525,236641408,541065216,322778624,522219520,128001,0,
2026-06-16T15:40:34.270488+00:00,2,3,medium_m_range,m,mz,20,False,False,ok,0,6593.967667,6678.06543,8340.0,11047,72879288,545259520,326972784,538984448,130692,0,
2026-06-16T15:40:34.443570+00:00,2,3,medium_t_range,the,thez,20,False,False,ok,0,11744.755344,11826.314241,13550.0,24225,125547776,541065216,322974800,533065728,132106,0,
2026-06-16T15:40:40.949066+00:00,2,4,small_a_range,a,az,20,False,False,ok,0,8376.910592,8456.366414,9990.0,14525,8066992,450887680,270347136,431579136,106177,0,
2026-06-16T15:40:46.270566+00:00,2,4,medium_m_range,m,mz,20,False,False,ok,0,6685.746201,6753.355039,8180.0,11047,56124552,490733568,293660936,474378240,116509,0,
2026-06-16T15:40:53.024500+00:00,2,5,small_a_range,a,az,20,False,False,ok,0,7893.606643,7971.332649,9380.0,14525,68857232,551550976,329074480,527282176,128283,0,
2026-06-16T15:40:49.405977+00:00,2,4,medium_t_range,the,thez,20,False,False,ok,0,11856.948348,11934.991491,13610.0,24225,215741720,551550976,329252296,535560192,133293,0,
2026-06-16T15:41:00.996359+00:00,2,5,medium_m_range,m,mz,20,False,False,ok,0,6485.903717,6562.631886,8110.0,11047,135811720,450887680,270353272,439189504,108026,0,
2026-06-16T15:41:01.341457+00:00,2,5,medium_t_range,the,thez,20,False,False,ok,0,11953.565051,12032.88469,13640.0,24225,52140256,499122176,297613496,481505280,118645,0,
2026-06-16T15:41:26.329027+00:00,4,1,medium_m_range,m,mz,20,False,False,ok,0,7946.326125,8028.730827,9410.0,11047,234375048,572522496,341641288,552841216,137629,2,
2026-06-16T15:41:26.327766+00:00,4,2,small_a_range,a,az,20,False,False,ok,0,9505.503614,9596.843246,11250.0,14525,228244888,541065216,322744648,533065728,132371,25,
2026-06-16T15:41:26.326723+00:00,4,1,small_a_range,a,az,20,False,False,ok,0,9755.233039,9861.773722,10990.0,14525,173714560,662700032,396175664,636645376,154485,6,
2026-06-16T15:41:26.327174+00:00,4,1,medium_t_range,the,thez,20,False,False,ok,0,14403.936487,14499.491394,16260.0,24225,110888064,786432000,471674960,766930944,190723,20,
2026-06-16T15:41:34.358252+00:00,4,2,medium_m_range,m,mz,20,False,False,ok,0,8079.702978,8177.480958,9990.0,11047,91761232,547356672,272450040,526983168,130252,0,
2026-06-16T15:41:36.189002+00:00,4,3,small_a_range,a,az,20,False,False,ok,0,9634.744294,9732.782612,11440.0,14525,238717928,541065216,322992632,520011776,128024,0,
2026-06-16T15:41:40.827314+00:00,4,3,medium_m_range,m,mz,20,False,False,ok,0,7843.431034,7937.995162,9640.0,11047,9982296,450887680,270559016,434606080,106762,0,
2026-06-16T15:41:35.925111+00:00,4,2,medium_t_range,the,thez,20,False,False,ok,0,13736.488388,13833.833374,15850.0,24225,119237072,549453824,329235168,533594112,135415,0,
2026-06-16T15:41:45.922274+00:00,4,4,small_a_range,a,az,20,False,False,ok,0,9360.854944,9460.854895,11330.0,14525,22731400,650117120,390121168,638009344,157537,0,
2026-06-16T15:41:42.536350+00:00,4,3,medium_t_range,the,thez,20,False,False,ok,0,13484.112588,13588.438221,15540.0,24225,213647112,551550976,329271336,536174592,134552,0,
2026-06-16T15:41:48.765949+00:00,4,4,medium_m_range,m,mz,20,False,False,ok,0,7534.169912,7640.359193,9370.0,11047,131616320,450887680,270343152,435441664,106100,0,
2026-06-16T15:41:49.759569+00:00,4,4,medium_t_range,the,thez,20,False,False,ok,0,13631.448945,13731.151772,15540.0,24225,257645536,650117120,390078920,630521856,158298,0,
2026-06-16T15:41:56.125399+00:00,4,5,medium_m_range,m,mz,20,False,False,ok,0,7621.216359,7714.128114,9540.0,11047,246961584,457179136,272680608,442892288,109255,0,
2026-06-16T15:41:55.383766+00:00,4,5,small_a_range,a,az,20,False,False,ok,0,9489.220436,9572.054055,11200.0,14525,169537640,457179136,272444376,441806848,106084,0,
2026-06-16T15:41:56.406926+00:00,4,5,medium_t_range,the,thez,20,False,False,ok,0,12927.87233,13010.39962,15000.0,24225,293307152,541065216,322782984,523456512,134704,0,
