concurrency,queries,successful,failed,makespan_seconds,throughput_qps,latency_mean_ms,latency_p50_ms,latency_p95_ms,latency_min_ms,latency_max_ms,worker_peak_rss_mean_mb,worker_peak_rss_max_mb,aggregate_peak_rss_mb,jvm_heap_peak_mean_mb,jvm_heap_peak_max_mb,process_cpu_total_ms,cpu_utilization_cores,minor_faults_total,major_faults_total,memory_pid_samples_attempted,memory_pid_samples_successful,memory_pid_samples_failed,run_id,run_label,run_created_at_utc,buffer_size,use_index,repetitions,warmups,java_xmx,workload_file,host_cpu_count,host_memory_total_mb,host_memory_available_min_mb,host_memory_available_mean_mb,host_swap_used_max_mb,host_cpu_utilization_mean_pct,host_cpu_utilization_max_pct,host_loadavg_1m_max,host_samples_attempted,host_samples_successful
1,15,15,0,127.700420637,0.11746241653063037,8427.963392133333,7737.93209,11646.891593,6200.754492,11646.891593,500.7565104166667,550.26171875,550.26171875,308.10404001871746,340.01802825927734,147510.0,1.155125404162219,1947181,0,2551,2540,11,20260616T184659Z,first run,2026-06-16T18:46:59.069043+00:00,20,False,5,1,,/home/ubuntu/ReDB/benchmark/workload.csv,,,,,,,,,,
2,15,15,0,71.082764708,0.21102161771026087,9050.337316066667,8162.317235,12621.219525,6583.818489,12621.219525,481.22734375,527.58203125,1013.859375,298.0663635253906,326.08040618896484,160880.0,2.2632771904817846,1885217,50,2732,2726,6,20260616T184659Z,first run,2026-06-16T18:46:59.069043+00:00,20,False,5,1,,/home/ubuntu/ReDB/benchmark/workload.csv,,,,,,,,,,
4,15,15,0,42.732632709,0.3510197956242659,10387.825357066667,9639.180614,14189.136021,7500.052509,14189.136021,496.8015625,600.65234375,1968.0078125,307.601611328125,372.02391052246094,182580.0,4.272612952338565,1928062,59,3120,3113,7,20260616T184659Z,first run,2026-06-16T18:46:59.069043+00:00,20,False,5,1,,/home/ubuntu/ReDB/benchmark/workload.csv,,,,,,,,,,
1,15,15,0,128.446282161,0.11678033608787809,8480.1468056,7718.81244,11543.03341,6264.49518,11543.03341,501.8015625,543.734375,543.734375,309.72347462972004,336.0581512451172,147420.0,1.1477171430716657,1947632,0,2559,2556,3,20260616T212422Z,first run with host level metrics,2026-06-16T21:24:22.194873+00:00,20,False,5,1,,/home/ubuntu/ReDB/benchmark/workload.csv,8,15699.4140625,14510.625,14612.41491248527,0.0,14.547546825962902,55.00000000000001,1.3,2546,2546
2,15,15,0,71.915883747,0.20857700995193196,9070.769955266667,8306.150954,12385.519408,6575.812405,12385.519408,470.41171875,508.19140625,998.29296875,290.86285807291665,311.80865478515625,160630.0,2.233581673905255,1828654,29,2730,2723,7,20260616T212422Z,first run with host level metrics,2026-06-16T21:24:22.194873+00:00,20,False,5,1,,/home/ubuntu/ReDB/benchmark/workload.csv,8,15699.4140625,14057.48828125,14225.45015965151,0.0,28.28362551137855,100.0,1.85,1424,1424
4,15,15,0,43.088717943,0.34811896747178184,10321.6173052,9526.302541,14321.612591,7572.012815,14321.612591,509.2640625,578.35546875,2010.89453125,314.85848948160805,358.0062026977539,181750.0,4.218041489199757,1990686,130,3093,3081,12,20260616T212422Z,first run with host level metrics,2026-06-16T21:24:22.194873+00:00,20,False,5,1,,/home/ubuntu/ReDB/benchmark/workload.csv,8,15699.4140625,13054.5234375,13489.55327831228,0.0,53.23969607663252,100.0,3.53,851,851
1,15,15,0,1.567542875,9.569116251445434,56.684447133333336,56.578,59.499333,55.197458,59.499333,,,,13.031227111816406,13.031227111816406,2236.648,1.4268496483708621,,,40,0,40,20260727T183302Z,concurrency-on-main-0712d64,2026-07-27T18:33:02.154625+00:00,20,False,5,1,,/Users/samuelwoldegiorgies/Desktop/projects/ReDB/benchmark/workload.csv,8,,,,,,,6.18017578125,28,28
2,15,15,0,0.92273325,16.256052331483666,63.371263666666664,62.565667,72.00125,58.299583,72.00125,,,,13.031227111816406,13.031227111816406,2542.165,2.755037818351078,,,43,0,43,20260727T183302Z,concurrency-on-main-0712d64,2026-07-27T18:33:02.154625+00:00,20,False,5,1,,/Users/samuelwoldegiorgies/Desktop/projects/ReDB/benchmark/workload.csv,8,,,,,,,6.18017578125,17,17
4,15,15,0,0.687160709,21.82895471690888,97.68837786666667,102.0585,118.289375,69.695958,118.289375,,,,13.031227111816406,13.031227111816406,3174.985,4.620440252790996,,,49,0,49,20260727T183302Z,concurrency-on-main-0712d64,2026-07-27T18:33:02.154625+00:00,20,False,5,1,,/Users/samuelwoldegiorgies/Desktop/projects/ReDB/benchmark/workload.csv,8,,,,,,,6.08544921875,11,11
