personId,name
nm0000001,Person 0001
nm0000002,Person 0002
nm0000003,Person 0003
nm0000004,Person 0004
nm0000005,Person 0005
nm0000006,Person 0006
nm0000007,Person 0007
nm0000008,Person 0008
nm0000009,Person 0009
nm0000010,Person 0010
nm0000011,Person 0011
nm0000012,Person 0012
nm0000013,Person 0013
nm0000014,Person 0014
nm0000015,Person 0015
nm0000016,Person 0016
nm0000017,Person 0017
nm0000018,Person 0018
nm0000019,Person 0019
nm0000020,Person 0020
nm0000021,Person 0021
nm0000022,Person 0022
nm0000023,Person 0023
nm0000024,Person 0024
nm0000025,Person 0025
nm0000026,Person 0026
nm0000027,Person 0027
nm0000028,Person 0028
nm0000029,Person 0029
nm0000030,Person 0030
nm0000031,Person 0031
nm0000032,Person 0032
nm0000033,Person 0033
nm0000034,Person 0034
nm0000035,Person 0035
nm0000036,Person 0036
nm0000037,Person 0037
nm0000038,Person 0038
nm0000039,Person 0039
nm0000040,Person 0040
nm0000041,Person 0041
nm0000042,Person 0042
nm0000043,Person 0043
nm0000044,Person 0044
nm0000045,Person 0045
nm0000046,Person 0046
nm0000047,Person 0047
nm0000048,Person 0048
nm0000049,Person 0049
nm0000050,Person 0050
nm0000051,Person 0051
nm0000052,Person 0052
nm0000053,Person 0053
nm0000054,Person 0054
nm0000055,Person 0055
nm0000056,Person 0056
nm0000057,Person 0057
nm0000058,Person 0058
nm0000059,Person 0059
nm0000060,Person 0060
nm0000061,Person 0061
nm0000062,Person 0062
nm0000063,Person 0063
nm0000064,Person 0064
nm0000065,Person 0065
nm0000066,Person 0066
nm0000067,Person 0067
nm0000068,Person 0068
nm0000069,Person 0069
nm0000070,Person 0070
nm0000071,Person 0071
nm0000072,Person 0072
nm0000073,Person 0073
nm0000074,Person 0074
nm0000075,Person 0075
nm0000076,Person 0076
nm0000077,Person 0077
nm0000078,Person 0078
nm0000079,Person 0079
nm0000080,Person 0080
nm0000081,Person 0081
nm0000082,Person 0082
nm0000083,Person 0083
nm0000084,Person 0084
nm0000085,Person 0085
nm0000086,Person 0086
nm0000087,Person 0087
nm0000088,Person 0088
nm0000089,Person 0089
nm0000090,Person 0090
nm0000091,Person 0091
nm0000092,Person 0092
nm0000093,Person 0093
nm0000094,Person 0094
nm0000095,Person 0095
nm0000096,Person 0096
nm0000097,Person 0097
nm0000098,Person 0098
nm0000099,Person 0099
nm0000100,Person 0100
nm0000101,Person 0101
nm0000102,Person 0102
nm0000103,Person 0103
nm0000104,Person 0104
nm0000105,Person 0105
nm0000106,Person 0106
nm0000107,Person 0107
nm0000108,Person 0108
nm0000109,Person 0109
nm0000110,Person 0110
nm0000111,Person 0111
nm0000112,Person 0112
nm0000113,Person 0113
nm0000114,Person 0114
nm0000115,Person 0115
nm0000116,Person 0116
nm0000117,Person 0117
nm0000118,Person 0118
nm0000119,Person 0119
nm0000120,Person 0120
nm0000121,Person 0121
nm0000122,Person 0122
nm0000123,Person 0123
nm0000124,Person 0124
nm0000125,Person 0125
nm0000126,Person 0126
nm0000127,Person 0127
nm0000128,Person 0128
nm0000129,Person 0129
nm0000130,Person 0130
nm0000131,Person 0131
nm0000132,Person 0132
nm0000133,Person 0133
nm0000134,Person 0134
nm0000135,Person 0135
nm0000136,Person 0136
nm0000137,Person 0137
nm0000138,Person 0138
nm0000139,Person 0139
nm0000140,Person 0140
nm0000141,Person 0141
nm0000142,Person 0142
nm0000143,Person 0143
nm0000144,Person 0144
nm0000145,Person 0145
nm0000146,Person 0146
nm0000147,Person 0147
nm0000148,Person 0148
nm0000149,Person 0149
nm0000150,Person 0150
nm0000151,Person 0151
nm0000152,Person 0152
nm0000153,Person 0153
nm0000154,Person 0154
nm0000155,Person 0155
nm0000156,Person 0156
nm0000157,Person 0157
nm0000158,Person 0158
nm0000159,Person 0159
nm0000160,Person 0160
nm0000161,Person 0161
nm0000162,Person 0162
nm0000163,Person 0163
nm0000164,Person 0164
nm0000165,Person 0165
nm0000166,Person 0166
nm0000167,Person 0167
nm0000168,Person 0168
nm0000169,Person 0169
nm0000170,Person 0170
nm0000171,Person 0171
nm0000172,Person 0172
nm0000173,Person 0173
nm0000174,Person 0174
nm0000175,Person 0175
nm0000176,Person 0176
nm0000177,Person 0177
nm0000178,Person 0178
nm0000179,Person 0179
nm0000180,Person 0180
nm0000181,Person 0181
nm0000182,Person 0182
nm0000183,Person 0183
nm0000184,Person 0184
nm0000185,Person 0185
nm0000186,Person 0186
nm0000187,Person 0187
nm0000188,Person 0188
nm0000189,Person 0189
nm0000190,Person 0190
nm0000191,Person 0191
nm0000192,Person 0192
nm0000193,Person 0193
nm0000194,Person 0194
nm0000195,Person 0195
nm0000196,Person 0196
nm0000197,Person 0197
nm0000198,Person 0198
nm0000199,Person 0199
nm0000200,Person 0200
nm0000201,Person 0201
nm0000202,Person 0202
nm0000203,Person 0203
nm0000204,Person 0204
nm0000205,Person 0205
nm0000206,Person 0206
nm0000207,Person 0207
nm0000208,Person 0208
nm0000209,Person 0209
nm0000210,Person 0210
nm0000211,Person 0211
nm0000212,Person 0212
nm0000213,Person 0213
nm0000214,Person 0214
nm0000215,Person 0215
nm0000216,Person 0216
nm0000217,Person 0217
nm0000218,Person 0218
nm0000219,Person 0219
nm0000220,Person 0220
nm0000221,Person 0221
nm0000222,Person 0222
nm0000223,Person 0223
nm0000224,Person 0224
nm0000225,Person 0225
nm0000226,Person 0226
nm0000227,Person 0227
nm0000228,Person 0228
nm0000229,Person 0229
nm0000230,Person 0230
nm0000231,Person 0231
nm0000232,Person 0232
nm0000233,Person 0233
nm0000234,Person 0234
nm0000235,Person 0235
nm0000236,Person 0236
nm0000237,Person 0237
nm0000238,Person 0238
nm0000239,Person 0239
nm0000240,Person 0240
nm0000241,Person 0241
nm0000242,Person 0242
nm0000243,Person 0243
nm0000244,Person 0244
nm0000245,Person 0245
nm0000246,Person 0246
nm0000247,Person 0247
nm0000248,Person 0248
nm0000249,Person 0249
nm0000250,Person 0250
nm0000251,Person 0251
nm0000252,Person 0252
nm0000253,Person 0253
nm0000254,Person 0254
nm0000255,Person 0255
nm0000256,Person 0256
nm0000257,Person 0257
nm0000258,Person 0258
nm0000259,Person 0259
nm0000260,Person 0260
nm0000261,Person 0261
nm0000262,Person 0262
nm0000263,Person 0263
nm0000264,Person 0264
nm0000265,Person 0265
nm0000266,Person 0266
nm0000267,Person 0267
nm0000268,Person 0268
nm0000269,Person 0269
nm0000270,Person 0270
nm0000271,Person 0271
nm0000272,Person 0272
nm0000273,Person 0273
nm0000274,Person 0274
nm0000275,Person 0275
nm0000276,Person 0276
nm0000277,Person 0277
nm0000278,Person 0278
nm0000279,Person 0279
nm0000280,Person 0280
nm0000281,Person 0281
nm0000282,Person 0282
nm0000283,Person 0283
nm0000284,Person 0284
nm0000285,Person 0285
nm0000286,Person 0286
nm0000287,Person 0287
nm0000288,Person 0288
nm0000289,Person 0289
nm0000290,Person 0290
nm0000291,Person 0291
nm0000292,Person 0292
nm0000293,Person 0293
nm0000294,Person 0294
nm0000295,Person 0295
nm0000296,Person 0296
nm0000297,Person 0297
nm0000298,Person 0298
nm0000299,Person 0299
nm0000300,Person 0300
nm0000301,Person 0301
nm0000302,Person 0302
nm0000303,Person 0303
nm0000304,Person 0304
nm0000305,Person 0305
nm0000306,Person 0306
nm0000307,Person 0307
nm0000308,Person 0308
nm0000309,Person 0309
nm0000310,Person 0310
nm0000311,Person 0311
nm0000312,Person 0312
nm0000313,Person 0313
nm0000314,Person 0314
nm0000315,Person 0315
nm0000316,Person 0316
nm0000317,Person 0317
nm0000318,Person 0318
nm0000319,Person 0319
nm0000320,Person 0320
nm0000321,Person 0321
nm0000322,Person 0322
nm0000323,Person 0323
nm0000324,Person 0324
nm0000325,Person 0325
nm0000326,Person 0326
nm0000327,Person 0327
nm0000328,Person 0328
nm0000329,Person 0329
nm0000330,Person 0330
nm0000331,Person 0331
nm0000332,Person 0332
nm0000333,Person 0333
nm0000334,Person 0334
nm0000335,Person 0335
nm0000336,Person 0336
nm0000337,Person 0337
nm0000338,Person 0338
nm0000339,Person 0339
nm0000340,Person 0340
nm0000341,Person 0341
nm0000342,Person 0342
nm0000343,Person 0343
nm0000344,Person 0344
nm0000345,Person 0345
nm0000346,Person 0346
nm0000347,Person 0347
nm0000348,Person 0348
nm0000349,Person 0349
nm0000350,Person 0350
nm0000351,Person 0351
nm0000352,Person 0352
nm0000353,Person 0353
nm0000354,Person 0354
nm0000355,Person 0355
nm0000356,Person 0356
nm0000357,Person 0357
nm0000358,Person 0358
nm0000359,Person 0359
nm0000360,Person 0360
nm0000361,Person 0361
nm0000362,Person 0362
nm0000363,Person 0363
nm0000364,Person 0364
nm0000365,Person 0365
nm0000366,Person 0366
nm0000367,Person 0367
nm0000368,Person 0368
nm0000369,Person 0369
nm0000370,Person 0370
nm0000371,Person 0371
nm0000372,Person 0372
nm0000373,Person 0373
nm0000374,Person 0374
nm0000375,Person 0375
nm0000376,Person 0376
nm0000377,Person 0377
nm0000378,Person 0378
nm0000379,Person 0379
nm0000380,Person 0380
nm0000381,Person 0381
nm0000382,Person 0382
nm0000383,Person 0383
nm0000384,Person 0384
nm0000385,Person 0385
nm0000386,Person 0386
nm0000387,Person 0387
nm0000388,Person 0388
nm0000389,Person 0389
nm0000390,Person 0390
nm0000391,Person 0391
nm0000392,Person 0392
nm0000393,Person 0393
nm0000394,Person 0394
nm0000395,Person 0395
nm0000396,Person 0396
nm0000397,Person 0397
nm0000398,Person 0398
nm0000399,Person 0399
nm0000400,Person 0400
nm0000401,Person 0401
nm0000402,Person 0402
nm0000403,Person 0403
nm0000404,Person 0404
nm0000405,Person 0405
nm0000406,Person 0406
nm0000407,Person 0407
nm0000408,Person 0408
nm0000409,Person 0409
nm0000410,Person 0410
nm0000411,Person 0411
nm0000412,Person 0412
nm0000413,Person 0413
nm0000414,Person 0414
nm0000415,Person 0415
nm0000416,Person 0416
nm0000417,Person 0417
nm0000418,Person 0418
nm0000419,Person 0419
nm0000420,Person 0420
nm0000421,Person 0421
nm0000422,Person 0422
nm0000423,Person 0423
nm0000424,Person 0424
nm0000425,Person 0425
nm0000426,Person 0426
nm0000427,Person 0427
nm0000428,Person 0428
nm0000429,Person 0429
nm0000430,Person 0430
nm0000431,Person 0431
nm0000432,Person 0432
nm0000433,Person 0433
nm0000434,Person 0434
nm0000435,Person 0435
nm0000436,Person 0436
nm0000437,Person 0437
nm0000438,Person 0438
nm0000439,Person 0439
nm0000440,Person 0440
nm0000441,Person 0441
nm0000442,Person 0442
nm0000443,Person 0443
nm0000444,Person 0444
nm0000445,Person 0445
nm0000446,Person 0446
nm0000447,Person 0447
nm0000448,Person 0448
nm0000449,Person 0449
nm0000450,Person 0450
nm0000451,Person 0451
nm0000452,Person 0452
nm0000453,Person 0453
nm0000454,Person 0454
nm0000455,Person 0455
nm0000456,Person 0456
nm0000457,Person 0457
nm0000458,Person 0458
nm0000459,Person 0459
nm0000460,Person 0460
nm0000461,Person 0461
nm0000462,Person 0462
nm0000463,Person 0463
nm0000464,Person 0464
nm0000465,Person 0465
nm0000466,Person 0466
nm0000467,Person 0467
nm0000468,Person 0468
nm0000469,Person 0469
nm0000470,Person 0470
nm0000471,Person 0471
nm0000472,Person 0472
nm0000473,Person 0473
nm0000474,Person 0474
nm0000475,Person 0475
nm0000476,Person 0476
nm0000477,Person 0477
nm0000478,Person 0478
nm0000479,Person 0479
nm0000480,Person 0480
nm0000481,Person 0481
nm0000482,Person 0482
nm0000483,Person 0483
nm0000484,Person 0484
nm0000485,Person 0485
nm0000486,Person 0486
nm0000487,Person 0487
nm0000488,Person 0488
nm0000489,Person 0489
nm0000490,Person 0490
nm0000491,Person 0491
nm0000492,Person 0492
nm0000493,Person 0493
nm0000494,Person 0494
nm0000495,Person 0495
nm0000496,Person 0496
nm0000497,Person 0497
nm0000498,Person 0498
nm0000499,Person 0499
nm0000500,Person 0500
nm0000501,Person 0501
nm0000502,Person 0502
nm0000503,Person 0503
nm0000504,Person 0504
nm0000505,Person 0505
nm0000506,Person 0506
nm0000507,Person 0507
nm0000508,Person 0508
nm0000509,Person 0509
nm0000510,Person 0510
nm0000511,Person 0511
nm0000512,Person 0512
nm0000513,Person 0513
nm0000514,Person 0514
nm0000515,Person 0515
nm0000516,Person 0516
nm0000517,Person 0517
nm0000518,Person 0518
nm0000519,Person 0519
nm0000520,Person 0520
nm0000521,Person 0521
nm0000522,Person 0522
nm0000523,Person 0523
nm0000524,Person 0524
nm0000525,Person 0525
nm0000526,Person 0526
nm0000527,Person 0527
nm0000528,Person 0528
nm0000529,Person 0529
nm0000530,Person 0530
nm0000531,Person 0531
nm0000532,Person 0532
nm0000533,Person 0533
nm0000534,Person 0534
nm0000535,Person 0535
nm0000536,Person 0536
nm0000537,Person 0537
nm0000538,Person 0538
nm0000539,Person 0539
nm0000540,Person 0540
nm0000541,Person 0541
nm0000542,Person 0542
nm0000543,Person 0543
nm0000544,Person 0544
nm0000545,Person 0545
nm0000546,Person 0546
nm0000547,Person 0547
nm0000548,Person 0548
nm0000549,Person 0549
nm0000550,Person 0550
nm0000551,Person 0551
nm0000552,Person 0552
nm0000553,Person 0553
nm0000554,Person 0554
nm0000555,Person 0555
nm0000556,Person 0556
nm0000557,Person 0557
nm0000558,Person 0558
nm0000559,Person 0559
nm0000560,Person 0560
nm0000561,Person 0561
nm0000562,Person 0562
nm0000563,Person 0563
nm0000564,Person 0564
nm0000565,Person 0565
nm0000566,Person 0566
nm0000567,Person 0567
nm0000568,Person 0568
nm0000569,Person 0569
nm0000570,Person 0570
nm0000571,Person 0571
nm0000572,Person 0572
nm0000573,Person 0573
nm0000574,Person 0574
nm0000575,Person 0575
nm0000576,Person 0576
nm0000577,Person 0577
nm0000578,Person 0578
nm0000579,Person 0579
nm0000580,Person 0580
nm0000581,Person 0581
nm0000582,Person 0582
nm0000583,Person 0583
nm0000584,Person 0584
nm0000585,Person 0585
nm0000586,Person 0586
nm0000587,Person 0587
nm0000588,Person 0588
nm0000589,Person 0589
nm0000590,Person 0590
nm0000591,Person 0591
nm0000592,Person 0592
nm0000593,Person 0593
nm0000594,Person 0594
nm0000595,Person 0595
nm0000596,Person 0596
nm0000597,Person 0597
nm0000598,Person 0598
nm0000599,Person 0599
nm0000600,Person 0600
nm0000601,Person 0601
nm0000602,Person 0602
nm0000603,Person 0603
nm0000604,Person 0604
nm0000605,Person 0605
nm0000606,Person 0606
nm0000607,Person 0607
nm0000608,Person 0608
nm0000609,Person 0609
nm0000610,Person 0610
nm0000611,Person 0611
nm0000612,Person 0612
nm0000613,Person 0613
nm0000614,Person 0614
nm0000615,Person 0615
nm0000616,Person 0616
nm0000617,Person 0617
nm0000618,Person 0618
nm0000619,Person 0619
nm0000620,Person 0620
nm0000621,Person 0621
nm0000622,Person 0622
nm0000623,Person 0623
nm0000624,Person 0624
nm0000625,Person 0625
nm0000626,Person 0626
nm0000627,Person 0627
nm0000628,Person 0628
nm0000629,Person 0629
nm0000630,Person 0630
nm0000631,Person 0631
nm0000632,Person 0632
nm0000633,Person 0633
nm0000634,Person 0634
nm0000635,Person 0635
nm0000636,Person 0636
nm0000637,Person 0637
nm0000638,Person 0638
nm0000639,Person 0639
nm0000640,Person 0640
nm0000641,Person 0641
nm0000642,Person 0642
nm0000643,Person 0643
nm0000644,Person 0644
nm0000645,Person 0645
nm0000646,Person 0646
nm0000647,Person 0647
nm0000648,Person 0648
nm0000649,Person 0649
nm0000650,Person 0650
nm0000651,Person 0651
nm0000652,Person 0652
nm0000653,Person 0653
nm0000654,Person 0654
nm0000655,Person 0655
nm0000656,Person 0656
nm0000657,Person 0657
nm0000658,Person 0658
nm0000659,Person 0659
nm0000660,Person 0660
nm0000661,Person 0661
nm0000662,Person 0662
nm0000663,Person 0663
nm0000664,Person 0664
nm0000665,Person 0665
nm0000666,Person 0666
nm0000667,Person 0667
nm0000668,Person 0668
nm0000669,Person 0669
nm0000670,Person 0670
nm0000671,Person 0671
nm0000672,Person 0672
nm0000673,Person 0673
nm0000674,Person 0674
nm0000675,Person 0675
nm0000676,Person 0676
nm0000677,Person 0677
nm0000678,Person 0678
nm0000679,Person 0679
nm0000680,Person 0680
nm0000681,Person 0681
nm0000682,Person 0682
nm0000683,Person 0683
nm0000684,Person 0684
nm0000685,Person 0685
nm0000686,Person 0686
nm0000687,Person 0687
nm0000688,Person 0688
nm0000689,Person 0689
nm0000690,Person 0690
nm0000691,Person 0691
nm0000692,Person 0692
nm0000693,Person 0693
nm0000694,Person 0694
nm0000695,Person 0695
nm0000696,Person 0696
nm0000697,Person 0697
nm0000698,Person 0698
nm0000699,Person 0699
nm0000700,Person 0700
nm0000701,Person 0701
nm0000702,Person 0702
nm0000703,Person 0703
nm0000704,Person 0704
nm0000705,Person 0705
nm0000706,Person 0706
nm0000707,Person 0707
nm0000708,Person 0708
nm0000709,Person 0709
nm0000710,Person 0710
nm0000711,Person 0711
nm0000712,Person 0712
nm0000713,Person 0713
nm0000714,Person 0714
nm0000715,Person 0715
nm0000716,Person 0716
nm0000717,Person 0717
nm0000718,Person 0718
nm0000719,Person 0719
nm0000720,Person 0720
nm0000721,Person 0721
nm0000722,Person 0722
nm0000723,Person 0723
nm0000724,Person 0724
nm0000725,Person 0725
nm0000726,Person 0726
nm0000727,Person 0727
nm0000728,Person 0728
nm0000729,Person 0729
nm0000730,Person 0730
nm0000731,Person 0731
nm0000732,Person 0732
nm0000733,Person 0733
nm0000734,Person 0734
nm0000735,Person 0735
nm0000736,Person 0736
nm0000737,Person 0737
nm0000738,Person 0738
nm0000739,Person 0739
nm0000740,Person 0740
nm0000741,Person 0741
nm0000742,Person 0742
nm0000743,Person 0743
nm0000744,Person 0744
nm0000745,Person 0745
nm0000746,Person 0746
nm0000747,Person 0747
nm0000748,Person 0748
nm0000749,Person 0749
nm0000750,Person 0750
nm0000751,Person 0751
nm0000752,Person 0752
nm0000753,Person 0753
nm0000754,Person 0754
nm0000755,Person 0755
nm0000756,Person 0756
nm0000757,Person 0757
nm0000758,Person 0758
nm0000759,Person 0759
nm0000760,Person 0760
nm0000761,Person 0761
nm0000762,Person 0762
nm0000763,Person 0763
nm0000764,Person 0764
nm0000765,Person 0765
nm0000766,Person 0766
nm0000767,Person 0767
nm0000768,Person 0768
nm0000769,Person 0769
nm0000770,Person 0770
nm0000771,Person 0771
nm0000772,Person 0772
nm0000773,Person 0773
nm0000774,Person 0774
nm0000775,Person 0775
nm0000776,Person 0776
nm0000777,Person 0777
nm0000778,Person 0778
nm0000779,Person 0779
nm0000780,Person 0780
nm0000781,Person 0781
nm0000782,Person 0782
nm0000783,Person 0783
nm0000784,Person 0784
nm0000785,Person 0785
nm0000786,Person 0786
nm0000787,Person 0787
nm0000788,Person 0788
nm0000789,Person 0789
nm0000790,Person 0790
nm0000791,Person 0791
nm0000792,Person 0792
nm0000793,Person 0793
nm0000794,Person 0794
nm0000795,Person 0795
nm0000796,Person 0796
nm0000797,Person 0797
nm0000798,Person 0798
nm0000799,Person 0799
nm0000800,Person 0800
nm0000801,Person 0801
nm0000802,Person 0802
nm0000803,Person 0803
nm0000804,Person 0804
nm0000805,Person 0805
nm0000806,Person 0806
nm0000807,Person 0807
nm0000808,Person 0808
nm0000809,Person 0809
nm0000810,Person 0810
nm0000811,Person 0811
nm0000812,Person 0812
nm0000813,Person 0813
nm0000814,Person 0814
nm0000815,Person 0815
nm0000816,Person 0816
nm0000817,Person 0817
nm0000818,Person 0818
nm0000819,Person 0819
nm0000820,Person 0820
nm0000821,Person 0821
nm0000822,Person 0822
nm0000823,Person 0823
nm0000824,Person 0824
nm0000825,Person 0825
nm0000826,Person 0826
nm0000827,Person 0827
nm0000828,Person 0828
nm0000829,Person 0829
nm0000830,Person 0830
nm0000831,Person 0831
nm0000832,Person 0832
nm0000833,Person 0833
nm0000834,Person 0834
nm0000835,Person 0835
nm0000836,Person 0836
nm0000837,Person 0837
nm0000838,Person 0838
nm0000839,Person 0839
nm0000840,Person 0840
nm0000841,Person 0841
nm0000842,Person 0842
nm0000843,Person 0843
nm0000844,Person 0844
nm0000845,Person 0845
nm0000846,Person 0846
nm0000847,Person 0847
nm0000848,Person 0848
nm0000849,Person 0849
nm0000850,Person 0850
nm0000851,Person 0851
nm0000852,Person 0852
nm0000853,Person 0853
nm0000854,Person 0854
nm0000855,Person 0855
nm0000856,Person 0856
nm0000857,Person 0857
nm0000858,Person 0858
nm0000859,Person 0859
nm0000860,Person 0860
nm0000861,Person 0861
nm0000862,Person 0862
nm0000863,Person 0863
nm0000864,Person 0864
nm0000865,Person 0865
nm0000866,Person 0866
nm0000867,Person 0867
nm0000868,Person 0868
nm0000869,Person 0869
nm0000870,Person 0870
nm0000871,Person 0871
nm0000872,Person 0872
nm0000873,Person 0873
nm0000874,Person 0874
nm0000875,Person 0875
nm0000876,Person 0876
nm0000877,Person 0877
nm0000878,Person 0878
nm0000879,Person 0879
nm0000880,Person 0880
nm0000881,Person 0881
nm0000882,Person 0882
nm0000883,Person 0883
nm0000884,Person 0884
nm0000885,Person 0885
nm0000886,Person 0886
nm0000887,Person 0887
nm0000888,Person 0888
nm0000889,Person 0889
nm0000890,Person 0890
nm0000891,Person 0891
nm0000892,Person 0892
nm0000893,Person 0893
nm0000894,Person 0894
nm0000895,Person 0895
nm0000896,Person 0896
nm0000897,Person 0897
nm0000898,Person 0898
nm0000899,Person 0899
nm0000900,Person 0900
nm0000901,Person 0901
nm0000902,Person 0902
nm0000903,Person 0903
nm0000904,Person 0904
nm0000905,Person 0905
nm0000906,Person 0906
nm0000907,Person 0907
nm0000908,Person 0908
nm0000909,Person 0909
nm0000910,Person 0910
nm0000911,Person 0911
nm0000912,Person 0912
nm0000913,Person 0913
nm0000914,Person 0914
nm0000915,Person 0915
nm0000916,Person 0916
nm0000917,Person 0917
nm0000918,Person 0918
nm0000919,Person 0919
nm0000920,Person 0920
nm0000921,Person 0921
nm0000922,Person 0922
nm0000923,Person 0923
nm0000924,Person 0924
nm0000925,Person 0925
nm0000926,Person 0926
nm0000927,Person 0927
nm0000928,Person 0928
nm0000929,Person 0929
nm0000930,Person 0930
nm0000931,Person 0931
nm0000932,Person 0932
nm0000933,Person 0933
nm0000934,Person 0934
nm0000935,Person 0935
nm0000936,Person 0936
nm0000937,Person 0937
nm0000938,Person 0938
nm0000939,Person 0939
nm0000940,Person 0940
nm0000941,Person 0941
nm0000942,Person 0942
nm0000943,Person 0943
nm0000944,Person 0944
nm0000945,Person 0945
nm0000946,Person 0946
nm0000947,Person 0947
nm0000948,Person 0948
nm0000949,Person 0949
nm0000950,Person 0950
nm0000951,Person 0951
nm0000952,Person 0952
nm0000953,Person 0953
nm0000954,Person 0954
nm0000955,Person 0955
nm0000956,Person 0956
nm0000957,Person 0957
nm0000958,Person 0958
nm0000959,Person 0959
nm0000960,Person 0960
nm0000961,Person 0961
nm0000962,Person 0962
nm0000963,Person 0963
nm0000964,Person 0964
nm0000965,Person 0965
nm0000966,Person 0966
nm0000967,Person 0967
nm0000968,Person 0968
nm0000969,Person 0969
nm0000970,Person 0970
nm0000971,Person 0971
nm0000972,Person 0972
nm0000973,Person 0973
nm0000974,Person 0974
nm0000975,Person 0975
nm0000976,Person 0976
nm0000977,Person 0977
nm0000978,Person 0978
nm0000979,Person 0979
nm0000980,Person 0980
nm0000981,Person 0981
nm0000982,Person 0982
nm0000983,Person 0983
nm0000984,Person 0984
nm0000985,Person 0985
nm0000986,Person 0986
nm0000987,Person 0987
nm0000988,Person 0988
nm0000989,Person 0989
nm0000990,Person 0990
nm0000991,Person 0991
nm0000992,Person 0992
nm0000993,Person 0993
nm0000994,Person 0994
nm0000995,Person 0995
nm0000996,Person 0996
nm0000997,Person 0997
nm0000998,Person 0998
nm0000999,Person 0999
nm0001000,Person 1000
nm0001001,Person 1001
nm0001002,Person 1002
nm0001003,Person 1003
nm0001004,Person 1004
nm0001005,Person 1005
nm0001006,Person 1006
nm0001007,Person 1007
nm0001008,Person 1008
nm0001009,Person 1009
nm0001010,Person 1010
nm0001011,Person 1011
nm0001012,Person 1012
nm0001013,Person 1013
nm0001014,Person 1014
nm0001015,Person 1015
nm0001016,Person 1016
nm0001017,Person 1017
nm0001018,Person 1018
nm0001019,Person 1019
nm0001020,Person 1020
nm0001021,Person 1021
nm0001022,Person 1022
nm0001023,Person 1023
nm0001024,Person 1024
nm0001025,Person 1025
nm0001026,Person 1026
nm0001027,Person 1027
nm0001028,Person 1028
nm0001029,Person 1029
nm0001030,Person 1030
nm0001031,Person 1031
nm0001032,Person 1032
nm0001033,Person 1033
nm0001034,Person 1034
nm0001035,Person 1035
nm0001036,Person 1036
nm0001037,Person 1037
nm0001038,Person 1038
nm0001039,Person 1039
nm0001040,Person 1040
nm0001041,Person 1041
nm0001042,Person 1042
nm0001043,Person 1043
nm0001044,Person 1044
nm0001045,Person 1045
nm0001046,Person 1046
nm0001047,Person 1047
nm0001048,Person 1048
nm0001049,Person 1049
nm0001050,Person 1050
nm0001051,Person 1051
nm0001052,Person 1052
nm0001053,Person 1053
nm0001054,Person 1054
nm0001055,Person 1055
nm0001056,Person 1056
nm0001057,Person 1057
nm0001058,Person 1058
nm0001059,Person 1059
nm0001060,Person 1060
nm0001061,Person 1061
nm0001062,Person 1062
nm0001063,Person 1063
nm0001064,Person 1064
nm0001065,Person 1065
nm0001066,Person 1066
nm0001067,Person 1067
nm0001068,Person 1068
nm0001069,Person 1069
nm0001070,Person 1070
nm0001071,Person 1071
nm0001072,Person 1072
nm0001073,Person 1073
nm0001074,Person 1074
nm0001075,Person 1075
nm0001076,Person 1076
nm0001077,Person 1077
nm0001078,Person 1078
nm0001079,Person 1079
nm0001080,Person 1080
nm0001081,Person 1081
nm0001082,Person 1082
nm0001083,Person 1083
nm0001084,Person 1084
nm0001085,Person 1085
nm0001086,Person 1086
nm0001087,Person 1087
nm0001088,Person 1088
nm0001089,Person 1089
nm0001090,Person 1090
nm0001091,Person 1091
nm0001092,Person 1092
nm0001093,Person 1093
nm0001094,Person 1094
nm0001095,Person 1095
nm0001096,Person 1096
nm0001097,Person 1097
nm0001098,Person 1098
nm0001099,Person 1099
nm0001100,Person 1100
nm0001101,Person 1101
nm0001102,Person 1102
nm0001103,Person 1103
nm0001104,Person 1104
nm0001105,Person 1105
nm0001106,Person 1106
nm0001107,Person 1107
nm0001108,Person 1108
nm0001109,Person 1109
nm0001110,Person 1110
nm0001111,Person 1111
nm0001112,Person 1112
nm0001113,Person 1113
nm0001114,Person 1114
nm0001115,Person 1115
nm0001116,Person 1116
nm0001117,Person 1117
nm0001118,Person 1118
nm0001119,Person 1119
nm0001120,Person 1120
nm0001121,Person 1121
nm0001122,Person 1122
nm0001123,Person 1123
nm0001124,Person 1124
nm0001125,Person 1125
nm0001126,Person 1126
nm0001127,Person 1127
nm0001128,Person 1128
nm0001129,Person 1129
nm0001130,Person 1130
nm0001131,Person 1131
nm0001132,Person 1132
nm0001133,Person 1133
nm0001134,Person 1134
nm0001135,Person 1135
nm0001136,Person 1136
nm0001137,Person 1137
nm0001138,Person 1138
nm0001139,Person 1139
nm0001140,Person 1140
nm0001141,Person 1141
nm0001142,Person 1142
nm0001143,Person 1143
nm0001144,Person 1144
nm0001145,Person 1145
nm0001146,Person 1146
nm0001147,Person 1147
nm0001148,Person 1148
nm0001149,Person 1149
nm0001150,Person 1150
nm0001151,Person 1151
nm0001152,Person 1152
nm0001153,Person 1153
nm0001154,Person 1154
nm0001155,Person 1155
nm0001156,Person 1156
nm0001157,Person 1157
nm0001158,Person 1158
nm0001159,Person 1159
nm0001160,Person 1160
nm0001161,Person 1161
nm0001162,Person 1162
nm0001163,Person 1163
nm0001164,Person 1164
nm0001165,Person 1165
nm0001166,Person 1166
nm0001167,Person 1167
nm0001168,Person 1168
nm0001169,Person 1169
nm0001170,Person 1170
nm0001171,Person 1171
nm0001172,Person 1172
nm0001173,Person 1173
nm0001174,Person 1174
nm0001175,Person 1175
nm0001176,Person 1176
nm0001177,Person 1177
nm0001178,Person 1178
nm0001179,Person 1179
nm0001180,Person 1180
nm0001181,Person 1181
nm0001182,Person 1182
nm0001183,Person 1183
nm0001184,Person 1184
nm0001185,Person 1185
nm0001186,Person 1186
nm0001187,Person 1187
nm0001188,Person 1188
nm0001189,Person 1189
nm0001190,Person 1190
nm0001191,Person 1191
nm0001192,Person 1192
nm0001193,Person 1193
nm0001194,Person 1194
nm0001195,Person 1195
nm0001196,Person 1196
nm0001197,Person 1197
nm0001198,Person 1198
nm0001199,Person 1199
nm0001200,Person 1200
nm0001201,Person 1201
nm0001202,Person 1202
nm0001203,Person 1203
nm0001204,Person 1204
nm0001205,Person 1205
nm0001206,Person 1206
nm0001207,Person 1207
nm0001208,Person 1208
nm0001209,Person 1209
nm0001210,Person 1210
nm0001211,Person 1211
nm0001212,Person 1212
nm0001213,Person 1213
nm0001214,Person 1214
nm0001215,Person 1215
nm0001216,Person 1216
nm0001217,Person 1217
nm0001218,Person 1218
nm0001219,Person 1219
nm0001220,Person 1220
nm0001221,Person 1221
nm0001222,Person 1222
nm0001223,Person 1223
nm0001224,Person 1224
nm0001225,Person 1225
nm0001226,Person 1226
nm0001227,Person 1227
nm0001228,Person 1228
nm0001229,Person 1229
nm0001230,Person 1230
nm0001231,Person 1231
nm0001232,Person 1232
nm0001233,Person 1233
nm0001234,Person 1234
nm0001235,Person 1235
nm0001236,Person 1236
nm0001237,Person 1237
nm0001238,Person 1238
nm0001239,Person 1239
nm0001240,Person 1240
nm0001241,Person 1241
nm0001242,Person 1242
nm0001243,Person 1243
nm0001244,Person 1244
nm0001245,Person 1245
nm0001246,Person 1246
nm0001247,Person 1247
nm0001248,Person 1248
nm0001249,Person 1249
nm0001250,Person 1250
nm0001251,Person 1251
nm0001252,Person 1252
nm0001253,Person 1253
nm0001254,Person 1254
nm0001255,Person 1255
nm0001256,Person 1256
nm0001257,Person 1257
nm0001258,Person 1258
nm0001259,Person 1259
nm0001260,Person 1260
nm0001261,Person 1261
nm0001262,Person 1262
nm0001263,Person 1263
nm0001264,Person 1264
nm0001265,Person 1265
nm0001266,Person 1266
nm0001267,Person 1267
nm0001268,Person 1268
nm0001269,Person 1269
nm0001270,Person 1270
nm0001271,Person 1271
nm0001272,Person 1272
nm0001273,Person 1273
nm0001274,Person 1274
nm0001275,Person 1275
nm0001276,Person 1276
nm0001277,Person 1277
nm0001278,Person 1278
nm0001279,Person 1279
nm0001280,Person 1280
nm0001281,Person 1281
nm0001282,Person 1282
nm0001283,Person 1283
nm0001284,Person 1284
nm0001285,Person 1285
nm0001286,Person 1286
nm0001287,Person 1287
nm0001288,Person 1288
nm0001289,Person 1289
nm0001290,Person 1290
nm0001291,Person 1291
nm0001292,Person 1292
nm0001293,Person 1293
nm0001294,Person 1294
nm0001295,Person 1295
nm0001296,Person 1296
nm0001297,Person 1297
nm0001298,Person 1298
nm0001299,Person 1299
nm0001300,Person 1300
nm0001301,Person 1301
nm0001302,Person 1302
nm0001303,Person 1303
nm0001304,Person 1304
nm0001305,Person 1305
nm0001306,Person 1306
nm0001307,Person 1307
nm0001308,Person 1308
nm0001309,Person 1309
nm0001310,Person 1310
nm0001311,Person 1311
nm0001312,Person 1312
nm0001313,Person 1313
nm0001314,Person 1314
nm0001315,Person 1315
nm0001316,Person 1316
nm0001317,Person 1317
nm0001318,Person 1318
nm0001319,Person 1319
nm0001320,Person 1320
nm0001321,Person 1321
nm0001322,Person 1322
nm0001323,Person 1323
nm0001324,Person 1324
nm0001325,Person 1325
nm0001326,Person 1326
nm0001327,Person 1327
nm0001328,Person 1328
nm0001329,Person 1329
nm0001330,Person 1330
nm0001331,Person 1331
nm0001332,Person 1332
nm0001333,Person 1333
nm0001334,Person 1334
nm0001335,Person 1335
nm0001336,Person 1336
nm0001337,Person 1337
nm0001338,Person 1338
nm0001339,Person 1339
nm0001340,Person 1340
nm0001341,Person 1341
nm0001342,Person 1342
nm0001343,Person 1343
nm0001344,Person 1344
nm0001345,Person 1345
nm0001346,Person 1346
nm0001347,Person 1347
nm0001348,Person 1348
nm0001349,Person 1349
nm0001350,Person 1350
nm0001351,Person 1351
nm0001352,Person 1352
nm0001353,Person 1353
nm0001354,Person 1354
nm0001355,Person 1355
nm0001356,Person 1356
nm0001357,Person 1357
nm0001358,Person 1358
nm0001359,Person 1359
nm0001360,Person 1360
nm0001361,Person 1361
nm0001362,Person 1362
nm0001363,Person 1363
nm0001364,Person 1364
nm0001365,Person 1365
nm0001366,Person 1366
nm0001367,Person 1367
nm0001368,Person 1368
nm0001369,Person 1369
nm0001370,Person 1370
nm0001371,Person 1371
nm0001372,Person 1372
nm0001373,Person 1373
nm0001374,Person 1374
nm0001375,Person 1375
nm0001376,Person 1376
nm0001377,Person 1377
nm0001378,Person 1378
nm0001379,Person 1379
nm0001380,Person 1380
nm0001381,Person 1381
nm0001382,Person 1382
nm0001383,Person 1383
nm0001384,Person 1384
nm0001385,Person 1385
nm0001386,Person 1386
nm0001387,Person 1387
nm0001388,Person 1388
nm0001389,Person 1389
nm0001390,Person 1390
nm0001391,Person 1391
nm0001392,Person 1392
nm0001393,Person 1393
nm0001394,Person 1394
nm0001395,Person 1395
nm0001396,Person 1396
nm0001397,Person 1397
nm0001398,Person 1398
nm0001399,Person 1399
nm0001400,Person 1400
nm0001401,Person 1401
nm0001402,Person 1402
nm0001403,Person 1403
nm0001404,Person 1404
nm0001405,Person 1405
nm0001406,Person 1406
nm0001407,Person 1407
nm0001408,Person 1408
nm0001409,Person 1409
nm0001410,Person 1410
nm0001411,Person 1411
nm0001412,Person 1412
nm0001413,Person 1413
nm0001414,Person 1414
nm0001415,Person 1415
nm0001416,Person 1416
nm0001417,Person 1417
nm0001418,Person 1418
nm0001419,Person 1419
nm0001420,Person 1420
nm0001421,Person 1421
nm0001422,Person 1422
nm0001423,Person 1423
nm0001424,Person 1424
nm0001425,Person 1425
nm0001426,Person 1426
nm0001427,Person 1427
nm0001428,Person 1428
nm0001429,Person 1429
nm0001430,Person 1430
nm0001431,Person 1431
nm0001432,Person 1432
nm0001433,Person 1433
nm0001434,Person 1434
nm0001435,Person 1435
nm0001436,Person 1436
nm0001437,Person 1437
nm0001438,Person 1438
nm0001439,Person 1439
nm0001440,Person 1440
nm0001441,Person 1441
nm0001442,Person 1442
nm0001443,Person 1443
nm0001444,Person 1444
nm0001445,Person 1445
nm0001446,Person 1446
nm0001447,Person 1447
nm0001448,Person 1448
nm0001449,Person 1449
nm0001450,Person 1450
nm0001451,Person 1451
nm0001452,Person 1452
nm0001453,Person 1453
nm0001454,Person 1454
nm0001455,Person 1455
nm0001456,Person 1456
nm0001457,Person 1457
nm0001458,Person 1458
nm0001459,Person 1459
nm0001460,Person 1460
nm0001461,Person 1461
nm0001462,Person 1462
nm0001463,Person 1463
nm0001464,Person 1464
nm0001465,Person 1465
nm0001466,Person 1466
nm0001467,Person 1467
nm0001468,Person 1468
nm0001469,Person 1469
nm0001470,Person 1470
nm0001471,Person 1471
nm0001472,Person 1472
nm0001473,Person 1473
nm0001474,Person 1474
nm0001475,Person 1475
nm0001476,Person 1476
nm0001477,Person 1477
nm0001478,Person 1478
nm0001479,Person 1479
nm0001480,Person 1480
nm0001481,Person 1481
nm0001482,Person 1482
nm0001483,Person 1483
nm0001484,Person 1484
nm0001485,Person 1485
nm0001486,Person 1486
nm0001487,Person 1487
nm0001488,Person 1488
nm0001489,Person 1489
nm0001490,Person 1490
nm0001491,Person 1491
nm0001492,Person 1492
nm0001493,Person 1493
nm0001494,Person 1494
nm0001495,Person 1495
nm0001496,Person 1496
nm0001497,Person 1497
nm0001498,Person 1498
nm0001499,Person 1499
nm0001500,Person 1500
nm0001501,Person 1501
nm0001502,Person 1502
nm0001503,Person 1503
nm0001504,Person 1504
nm0001505,Person 1505
nm0001506,Person 1506
nm0001507,Person 1507
nm0001508,Person 1508
nm0001509,Person 1509
nm0001510,Person 1510
nm0001511,Person 1511
nm0001512,Person 1512
nm0001513,Person 1513
nm0001514,Person 1514
nm0001515,Person 1515
nm0001516,Person 1516
nm0001517,Person 1517
nm0001518,Person 1518
nm0001519,Person 1519
nm0001520,Person 1520
nm0001521,Person 1521
nm0001522,Person 1522
nm0001523,Person 1523
nm0001524,Person 1524
nm0001525,Person 1525
nm0001526,Person 1526
nm0001527,Person 1527
nm0001528,Person 1528
nm0001529,Person 1529
nm0001530,Person 1530
nm0001531,Person 1531
nm0001532,Person 1532
nm0001533,Person 1533
nm0001534,Person 1534
nm0001535,Person 1535
nm0001536,Person 1536
nm0001537,Person 1537
nm0001538,Person 1538
nm0001539,Person 1539
nm0001540,Person 1540
nm0001541,Person 1541
nm0001542,Person 1542
nm0001543,Person 1543
nm0001544,Person 1544
nm0001545,Person 1545
nm0001546,Person 1546
nm0001547,Person 1547
nm0001548,Person 1548
nm0001549,Person 1549
nm0001550,Person 1550
nm0001551,Person 1551
nm0001552,Person 1552
nm0001553,Person 1553
nm0001554,Person 1554
nm0001555,Person 1555
nm0001556,Person 1556
nm0001557,Person 1557
nm0001558,Person 1558
nm0001559,Person 1559
nm0001560,Person 1560
nm0001561,Person 1561
nm0001562,Person 1562
nm0001563,Person 1563
nm0001564,Person 1564
nm0001565,Person 1565
nm0001566,Person 1566
nm0001567,Person 1567
nm0001568,Person 1568
nm0001569,Person 1569
nm0001570,Person 1570
nm0001571,Person 1571
nm0001572,Person 1572
nm0001573,Person 1573
nm0001574,Person 1574
nm0001575,Person 1575
nm0001576,Person 1576
nm0001577,Person 1577
nm0001578,Person 1578
nm0001579,Person 1579
nm0001580,Person 1580
nm0001581,Person 1581
nm0001582,Person 1582
nm0001583,Person 1583
nm0001584,Person 1584
nm0001585,Person 1585
nm0001586,Person 1586
nm0001587,Person 1587
nm0001588,Person 1588
nm0001589,Person 1589
nm0001590,Person 1590
nm0001591,Person 1591
nm0001592,Person 1592
nm0001593,Person 1593
nm0001594,Person 1594
nm0001595,Person 1595
nm0001596,Person 1596
nm0001597,Person 1597
nm0001598,Person 1598
nm0001599,Person 1599
nm0001600,Person 1600
nm0001601,Person 1601
nm0001602,Person 1602
nm0001603,Person 1603
nm0001604,Person 1604
nm0001605,Person 1605
nm0001606,Person 1606
nm0001607,Person 1607
nm0001608,Person 1608
nm0001609,Person 1609
nm0001610,Person 1610
nm0001611,Person 1611
nm0001612,Person 1612
nm0001613,Person 1613
nm0001614,Person 1614
nm0001615,Person 1615
nm0001616,Person 1616
nm0001617,Person 1617
nm0001618,Person 1618
nm0001619,Person 1619
nm0001620,Person 1620
nm0001621,Person 1621
nm0001622,Person 1622
nm0001623,Person 1623
nm0001624,Person 1624
nm0001625,Person 1625
nm0001626,Person 1626
nm0001627,Person 1627
nm0001628,Person 1628
nm0001629,Person 1629
nm0001630,Person 1630
nm0001631,Person 1631
nm0001632,Person 1632
nm0001633,Person 1633
nm0001634,Person 1634
nm0001635,Person 1635
nm0001636,Person 1636
nm0001637,Person 1637
nm0001638,Person 1638
nm0001639,Person 1639
nm0001640,Person 1640
nm0001641,Person 1641
nm0001642,Person 1642
nm0001643,Person 1643
nm0001644,Person 1644
nm0001645,Person 1645
nm0001646,Person 1646
nm0001647,Person 1647
nm0001648,Person 1648
nm0001649,Person 1649
nm0001650,Person 1650
nm0001651,Person 1651
nm0001652,Person 1652
nm0001653,Person 1653
nm0001654,Person 1654
nm0001655,Person 1655
nm0001656,Person 1656
nm0001657,Person 1657
nm0001658,Person 1658
nm0001659,Person 1659
nm0001660,Person 1660
nm0001661,Person 1661
nm0001662,Person 1662
nm0001663,Person 1663
nm0001664,Person 1664
nm0001665,Person 1665
nm0001666,Person 1666
nm0001667,Person 1667
nm0001668,Person 1668
nm0001669,Person 1669
nm0001670,Person 1670
nm0001671,Person 1671
nm0001672,Person 1672
nm0001673,Person 1673
nm0001674,Person 1674
nm0001675,Person 1675
nm0001676,Person 1676
nm0001677,Person 1677
nm0001678,Person 1678
nm0001679,Person 1679
nm0001680,Person 1680
nm0001681,Person 1681
nm0001682,Person 1682
nm0001683,Person 1683
nm0001684,Person 1684
nm0001685,Person 1685
nm0001686,Person 1686
nm0001687,Person 1687
nm0001688,Person 1688
nm0001689,Person 1689
nm0001690,Person 1690
nm0001691,Person 1691
nm0001692,Person 1692
nm0001693,Person 1693
nm0001694,Person 1694
nm0001695,Person 1695
nm0001696,Person 1696
nm0001697,Person 1697
nm0001698,Person 1698
nm0001699,Person 1699
nm0001700,Person 1700
nm0001701,Person 1701
nm0001702,Person 1702
nm0001703,Person 1703
nm0001704,Person 1704
nm0001705,Person 1705
nm0001706,Person 1706
nm0001707,Person 1707
nm0001708,Person 1708
nm0001709,Person 1709
nm0001710,Person 1710
nm0001711,Person 1711
nm0001712,Person 1712
nm0001713,Person 1713
nm0001714,Person 1714
nm0001715,Person 1715
nm0001716,Person 1716
nm0001717,Person 1717
nm0001718,Person 1718
nm0001719,Person 1719
nm0001720,Person 1720
nm0001721,Person 1721
nm0001722,Person 1722
nm0001723,Person 1723
nm0001724,Person 1724
nm0001725,Person 1725
nm0001726,Person 1726
nm0001727,Person 1727
nm0001728,Person 1728
nm0001729,Person 1729
nm0001730,Person 1730
nm0001731,Person 1731
nm0001732,Person 1732
nm0001733,Person 1733
nm0001734,Person 1734
nm0001735,Person 1735
nm0001736,Person 1736
nm0001737,Person 1737
nm0001738,Person 1738
nm0001739,Person 1739
nm0001740,Person 1740
nm0001741,Person 1741
nm0001742,Person 1742
nm0001743,Person 1743
nm0001744,Person 1744
nm0001745,Person 1745
nm0001746,Person 1746
nm0001747,Person 1747
nm0001748,Person 1748
nm0001749,Person 1749
nm0001750,Person 1750
nm0001751,Person 1751
nm0001752,Person 1752
nm0001753,Person 1753
nm0001754,Person 1754
nm0001755,Person 1755
nm0001756,Person 1756
nm0001757,Person 1757
nm0001758,Person 1758
nm0001759,Person 1759
nm0001760,Person 1760
nm0001761,Person 1761
nm0001762,Person 1762
nm0001763,Person 1763
nm0001764,Person 1764
nm0001765,Person 1765
nm0001766,Person 1766
nm0001767,Person 1767
nm0001768,Person 1768
nm0001769,Person 1769
nm0001770,Person 1770
nm0001771,Person 1771
nm0001772,Person 1772
nm0001773,Person 1773
nm0001774,Person 1774
nm0001775,Person 1775
nm0001776,Person 1776
nm0001777,Person 1777
nm0001778,Person 1778
nm0001779,Person 1779
nm0001780,Person 1780
nm0001781,Person 1781
nm0001782,Person 1782
nm0001783,Person 1783
nm0001784,Person 1784
nm0001785,Person 1785
nm0001786,Person 1786
nm0001787,Person 1787
nm0001788,Person 1788
nm0001789,Person 1789
nm0001790,Person 1790
nm0001791,Person 1791
nm0001792,Person 1792
nm0001793,Person 1793
nm0001794,Person 1794
nm0001795,Person 1795
nm0001796,Person 1796
nm0001797,Person 1797
nm0001798,Person 1798
nm0001799,Person 1799
nm0001800,Person 1800
nm0001801,Person 1801
nm0001802,Person 1802
nm0001803,Person 1803
nm0001804,Person 1804
nm0001805,Person 1805
nm0001806,Person 1806
nm0001807,Person 1807
nm0001808,Person 1808
nm0001809,Person 1809
nm0001810,Person 1810
nm0001811,Person 1811
nm0001812,Person 1812
nm0001813,Person 1813
nm0001814,Person 1814
nm0001815,Person 1815
nm0001816,Person 1816
nm0001817,Person 1817
nm0001818,Person 1818
nm0001819,Person 1819
nm0001820,Person 1820
nm0001821,Person 1821
nm0001822,Person 1822
nm0001823,Person 1823
nm0001824,Person 1824
nm0001825,Person 1825
nm0001826,Person 1826
nm0001827,Person 1827
nm0001828,Person 1828
nm0001829,Person 1829
nm0001830,Person 1830
nm0001831,Person 1831
nm0001832,Person 1832
nm0001833,Person 1833
nm0001834,Person 1834
nm0001835,Person 1835
nm0001836,Person 1836
nm0001837,Person 1837
nm0001838,Person 1838
nm0001839,Person 1839
nm0001840,Person 1840
nm0001841,Person 1841
nm0001842,Person 1842
nm0001843,Person 1843
nm0001844,Person 1844
nm0001845,Person 1845
nm0001846,Person 1846
nm0001847,Person 1847
nm0001848,Person 1848
nm0001849,Person 1849
nm0001850,Person 1850
nm0001851,Person 1851
nm0001852,Person 1852
nm0001853,Person 1853
nm0001854,Person 1854
nm0001855,Person 1855
nm0001856,Person 1856
nm0001857,Person 1857
nm0001858,Person 1858
nm0001859,Person 1859
nm0001860,Person 1860
nm0001861,Person 1861
nm0001862,Person 1862
nm0001863,Person 1863
nm0001864,Person 1864
nm0001865,Person 1865
nm0001866,Person 1866
nm0001867,Person 1867
nm0001868,Person 1868
nm0001869,Person 1869
nm0001870,Person 1870
nm0001871,Person 1871
nm0001872,Person 1872
nm0001873,Person 1873
nm0001874,Person 1874
nm0001875,Person 1875
nm0001876,Person 1876
nm0001877,Person 1877
nm0001878,Person 1878
nm0001879,Person 1879
nm0001880,Person 1880
nm0001881,Person 1881
nm0001882,Person 1882
nm0001883,Person 1883
nm0001884,Person 1884
nm0001885,Person 1885
nm0001886,Person 1886
nm0001887,Person 1887
nm0001888,Person 1888
nm0001889,Person 1889
nm0001890,Person 1890
nm0001891,Person 1891
nm0001892,Person 1892
nm0001893,Person 1893
nm0001894,Person 1894
nm0001895,Person 1895
nm0001896,Person 1896
nm0001897,Person 1897
nm0001898,Person 1898
nm0001899,Person 1899
nm0001900,Person 1900
nm0001901,Person 1901
nm0001902,Person 1902
nm0001903,Person 1903
nm0001904,Person 1904
nm0001905,Person 1905
nm0001906,Person 1906
nm0001907,Person 1907
nm0001908,Person 1908
nm0001909,Person 1909
nm0001910,Person 1910
nm0001911,Person 1911
nm0001912,Person 1912
nm0001913,Person 1913
nm0001914,Person 1914
nm0001915,Person 1915
nm0001916,Person 1916
nm0001917,Person 1917
nm0001918,Person 1918
nm0001919,Person 1919
nm0001920,Person 1920
nm0001921,Person 1921
nm0001922,Person 1922
nm0001923,Person 1923
nm0001924,Person 1924
nm0001925,Person 1925
nm0001926,Person 1926
nm0001927,Person 1927
nm0001928,Person 1928
nm0001929,Person 1929
nm0001930,Person 1930
nm0001931,Person 1931
nm0001932,Person 1932
nm0001933,Person 1933
nm0001934,Person 1934
nm0001935,Person 1935
nm0001936,Person 1936
nm0001937,Person 1937
nm0001938,Person 1938
nm0001939,Person 1939
nm0001940,Person 1940
nm0001941,Person 1941
nm0001942,Person 1942
nm0001943,Person 1943
nm0001944,Person 1944
nm0001945,Person 1945
nm0001946,Person 1946
nm0001947,Person 1947
nm0001948,Person 1948
nm0001949,Person 1949
nm0001950,Person 1950
nm0001951,Person 1951
nm0001952,Person 1952
nm0001953,Person 1953
nm0001954,Person 1954
nm0001955,Person 1955
nm0001956,Person 1956
nm0001957,Person 1957
nm0001958,Person 1958
nm0001959,Person 1959
nm0001960,Person 1960
nm0001961,Person 1961
nm0001962,Person 1962
nm0001963,Person 1963
nm0001964,Person 1964
nm0001965,Person 1965
nm0001966,Person 1966
nm0001967,Person 1967
nm0001968,Person 1968
nm0001969,Person 1969
nm0001970,Person 1970
nm0001971,Person 1971
nm0001972,Person 1972
nm0001973,Person 1973
nm0001974,Person 1974
nm0001975,Person 1975
nm0001976,Person 1976
nm0001977,Person 1977
nm0001978,Person 1978
nm0001979,Person 1979
nm0001980,Person 1980
nm0001981,Person 1981
nm0001982,Person 1982
nm0001983,Person 1983
nm0001984,Person 1984
nm0001985,Person 1985
nm0001986,Person 1986
nm0001987,Person 1987
nm0001988,Person 1988
nm0001989,Person 1989
nm0001990,Person 1990
nm0001991,Person 1991
nm0001992,Person 1992
nm0001993,Person 1993
nm0001994,Person 1994
nm0001995,Person 1995
nm0001996,Person 1996
nm0001997,Person 1997
nm0001998,Person 1998
nm0001999,Person 1999
nm0002000,Person 2000
nm0002001,Person 2001
nm0002002,Person 2002
nm0002003,Person 2003
nm0002004,Person 2004
nm0002005,Person 2005
nm0002006,Person 2006
nm0002007,Person 2007
nm0002008,Person 2008
nm0002009,Person 2009
nm0002010,Person 2010
nm0002011,Person 2011
nm0002012,Person 2012
nm0002013,Person 2013
nm0002014,Person 2014
nm0002015,Person 2015
nm0002016,Person 2016
nm0002017,Person 2017
nm0002018,Person 2018
nm0002019,Person 2019
nm0002020,Person 2020
nm0002021,Person 2021
nm0002022,Person 2022
nm0002023,Person 2023
nm0002024,Person 2024
nm0002025,Person 2025
nm0002026,Person 2026
nm0002027,Person 2027
nm0002028,Person 2028
nm0002029,Person 2029
nm0002030,Person 2030
nm0002031,Person 2031
nm0002032,Person 2032
nm0002033,Person 2033
nm0002034,Person 2034
nm0002035,Person 2035
nm0002036,Person 2036
nm0002037,Person 2037
nm0002038,Person 2038
nm0002039,Person 2039
nm0002040,Person 2040
nm0002041,Person 2041
nm0002042,Person 2042
nm0002043,Person 2043
nm0002044,Person 2044
nm0002045,Person 2045
nm0002046,Person 2046
nm0002047,Person 2047
nm0002048,Person 2048
nm0002049,Person 2049
nm0002050,Person 2050
nm0002051,Person 2051
nm0002052,Person 2052
nm0002053,Person 2053
nm0002054,Person 2054
nm0002055,Person 2055
nm0002056,Person 2056
nm0002057,Person 2057
nm0002058,Person 2058
nm0002059,Person 2059
nm0002060,Person 2060
nm0002061,Person 2061
nm0002062,Person 2062
nm0002063,Person 2063
nm0002064,Person 2064
nm0002065,Person 2065
nm0002066,Person 2066
nm0002067,Person 2067
nm0002068,Person 2068
nm0002069,Person 2069
nm0002070,Person 2070
nm0002071,Person 2071
nm0002072,Person 2072
nm0002073,Person 2073
nm0002074,Person 2074
nm0002075,Person 2075
nm0002076,Person 2076
nm0002077,Person 2077
nm0002078,Person 2078
nm0002079,Person 2079
nm0002080,Person 2080
nm0002081,Person 2081
nm0002082,Person 2082
nm0002083,Person 2083
nm0002084,Person 2084
nm0002085,Person 2085
nm0002086,Person 2086
nm0002087,Person 2087
nm0002088,Person 2088
nm0002089,Person 2089
nm0002090,Person 2090
nm0002091,Person 2091
nm0002092,Person 2092
nm0002093,Person 2093
nm0002094,Person 2094
nm0002095,Person 2095
nm0002096,Person 2096
nm0002097,Person 2097
nm0002098,Person 2098
nm0002099,Person 2099
nm0002100,Person 2100
nm0002101,Person 2101
nm0002102,Person 2102
nm0002103,Person 2103
nm0002104,Person 2104
nm0002105,Person 2105
nm0002106,Person 2106
nm0002107,Person 2107
nm0002108,Person 2108
nm0002109,Person 2109
nm0002110,Person 2110
nm0002111,Person 2111
nm0002112,Person 2112
nm0002113,Person 2113
nm0002114,Person 2114
nm0002115,Person 2115
nm0002116,Person 2116
nm0002117,Person 2117
nm0002118,Person 2118
nm0002119,Person 2119
nm0002120,Person 2120
nm0002121,Person 2121
nm0002122,Person 2122
nm0002123,Person 2123
nm0002124,Person 2124
nm0002125,Person 2125
nm0002126,Person 2126
nm0002127,Person 2127
nm0002128,Person 2128
nm0002129,Person 2129
nm0002130,Person 2130
nm0002131,Person 2131
nm0002132,Person 2132
nm0002133,Person 2133
nm0002134,Person 2134
nm0002135,Person 2135
nm0002136,Person 2136
nm0002137,Person 2137
nm0002138,Person 2138
nm0002139,Person 2139
nm0002140,Person 2140
nm0002141,Person 2141
nm0002142,Person 2142
nm0002143,Person 2143
nm0002144,Person 2144
nm0002145,Person 2145
nm0002146,Person 2146
nm0002147,Person 2147
nm0002148,Person 2148
nm0002149,Person 2149
nm0002150,Person 2150
nm0002151,Person 2151
nm0002152,Person 2152
nm0002153,Person 2153
nm0002154,Person 2154
nm0002155,Person 2155
nm0002156,Person 2156
nm0002157,Person 2157
nm0002158,Person 2158
nm0002159,Person 2159
nm0002160,Person 2160
nm0002161,Person 2161
nm0002162,Person 2162
nm0002163,Person 2163
nm0002164,Person 2164
nm0002165,Person 2165
nm0002166,Person 2166
nm0002167,Person 2167
nm0002168,Person 2168
nm0002169,Person 2169
nm0002170,Person 2170
nm0002171,Person 2171
nm0002172,Person 2172
nm0002173,Person 2173
nm0002174,Person 2174
nm0002175,Person 2175
nm0002176,Person 2176
nm0002177,Person 2177
nm0002178,Person 2178
nm0002179,Person 2179
nm0002180,Person 2180
nm0002181,Person 2181
nm0002182,Person 2182
nm0002183,Person 2183
nm0002184,Person 2184
nm0002185,Person 2185
nm0002186,Person 2186
nm0002187,Person 2187
nm0002188,Person 2188
nm0002189,Person 2189
nm0002190,Person 2190
nm0002191,Person 2191
nm0002192,Person 2192
nm0002193,Person 2193
nm0002194,Person 2194
nm0002195,Person 2195
nm0002196,Person 2196
nm0002197,Person 2197
nm0002198,Person 2198
nm0002199,Person 2199
nm0002200,Person 2200
nm0002201,Person 2201
nm0002202,Person 2202
nm0002203,Person 2203
nm0002204,Person 2204
nm0002205,Person 2205
nm0002206,Person 2206
nm0002207,Person 2207
nm0002208,Person 2208
nm0002209,Person 2209
nm0002210,Person 2210
nm0002211,Person 2211
nm0002212,Person 2212
nm0002213,Person 2213
nm0002214,Person 2214
nm0002215,Person 2215
nm0002216,Person 2216
nm0002217,Person 2217
nm0002218,Person 2218
nm0002219,Person 2219
nm0002220,Person 2220
nm0002221,Person 2221
nm0002222,Person 2222
nm0002223,Person 2223
nm0002224,Person 2224
nm0002225,Person 2225
nm0002226,Person 2226
nm0002227,Person 2227
nm0002228,Person 2228
nm0002229,Person 2229
nm0002230,Person 2230
nm0002231,Person 2231
nm0002232,Person 2232
nm0002233,Person 2233
nm0002234,Person 2234
nm0002235,Person 2235
nm0002236,Person 2236
nm0002237,Person 2237
nm0002238,Person 2238
nm0002239,Person 2239
nm0002240,Person 2240
nm0002241,Person 2241
nm0002242,Person 2242
nm0002243,Person 2243
nm0002244,Person 2244
nm0002245,Person 2245
nm0002246,Person 2246
nm0002247,Person 2247
nm0002248,Person 2248
nm0002249,Person 2249
nm0002250,Person 2250
nm0002251,Person 2251
nm0002252,Person 2252
nm0002253,Person 2253
nm0002254,Person 2254
nm0002255,Person 2255
nm0002256,Person 2256
nm0002257,Person 2257
nm0002258,Person 2258
nm0002259,Person 2259
nm0002260,Person 2260
nm0002261,Person 2261
nm0002262,Person 2262
nm0002263,Person 2263
nm0002264,Person 2264
nm0002265,Person 2265
nm0002266,Person 2266
nm0002267,Person 2267
nm0002268,Person 2268
nm0002269,Person 2269
nm0002270,Person 2270
nm0002271,Person 2271
nm0002272,Person 2272
nm0002273,Person 2273
nm0002274,Person 2274
nm0002275,Person 2275
nm0002276,Person 2276
nm0002277,Person 2277
nm0002278,Person 2278
nm0002279,Person 2279
nm0002280,Person 2280
nm0002281,Person 2281
nm0002282,Person 2282
nm0002283,Person 2283
nm0002284,Person 2284
nm0002285,Person 2285
nm0002286,Person 2286
nm0002287,Person 2287
nm0002288,Person 2288
nm0002289,Person 2289
nm0002290,Person 2290
nm0002291,Person 2291
nm0002292,Person 2292
nm0002293,Person 2293
nm0002294,Person 2294
nm0002295,Person 2295
nm0002296,Person 2296
nm0002297,Person 2297
nm0002298,Person 2298
nm0002299,Person 2299
nm0002300,Person 2300
nm0002301,Person 2301
nm0002302,Person 2302
nm0002303,Person 2303
nm0002304,Person 2304
nm0002305,Person 2305
nm0002306,Person 2306
nm0002307,Person 2307
nm0002308,Person 2308
nm0002309,Person 2309
nm0002310,Person 2310
nm0002311,Person 2311
nm0002312,Person 2312
nm0002313,Person 2313
nm0002314,Person 2314
nm0002315,Person 2315
nm0002316,Person 2316
nm0002317,Person 2317
nm0002318,Person 2318
nm0002319,Person 2319
nm0002320,Person 2320
nm0002321,Person 2321
nm0002322,Person 2322
nm0002323,Person 2323
nm0002324,Person 2324
nm0002325,Person 2325
nm0002326,Person 2326
nm0002327,Person 2327
nm0002328,Person 2328
nm0002329,Person 2329
nm0002330,Person 2330
nm0002331,Person 2331
nm0002332,Person 2332
nm0002333,Person 2333
nm0002334,Person 2334
nm0002335,Person 2335
nm0002336,Person 2336
nm0002337,Person 2337
nm0002338,Person 2338
nm0002339,Person 2339
nm0002340,Person 2340
nm0002341,Person 2341
nm0002342,Person 2342
nm0002343,Person 2343
nm0002344,Person 2344
nm0002345,Person 2345
nm0002346,Person 2346
nm0002347,Person 2347
nm0002348,Person 2348
nm0002349,Person 2349
nm0002350,Person 2350
nm0002351,Person 2351
nm0002352,Person 2352
nm0002353,Person 2353
nm0002354,Person 2354
nm0002355,Person 2355
nm0002356,Person 2356
nm0002357,Person 2357
nm0002358,Person 2358
nm0002359,Person 2359
nm0002360,Person 2360
nm0002361,Person 2361
nm0002362,Person 2362
nm0002363,Person 2363
nm0002364,Person 2364
nm0002365,Person 2365
nm0002366,Person 2366
nm0002367,Person 2367
nm0002368,Person 2368
nm0002369,Person 2369
nm0002370,Person 2370
nm0002371,Person 2371
nm0002372,Person 2372
nm0002373,Person 2373
nm0002374,Person 2374
nm0002375,Person 2375
nm0002376,Person 2376
nm0002377,Person 2377
nm0002378,Person 2378
nm0002379,Person 2379
nm0002380,Person 2380
nm0002381,Person 2381
nm0002382,Person 2382
nm0002383,Person 2383
nm0002384,Person 2384
nm0002385,Person 2385
nm0002386,Person 2386
nm0002387,Person 2387
nm0002388,Person 2388
nm0002389,Person 2389
nm0002390,Person 2390
nm0002391,Person 2391
nm0002392,Person 2392
nm0002393,Person 2393
nm0002394,Person 2394
nm0002395,Person 2395
nm0002396,Person 2396
nm0002397,Person 2397
nm0002398,Person 2398
nm0002399,Person 2399
nm0002400,Person 2400
nm0002401,Person 2401
nm0002402,Person 2402
nm0002403,Person 2403
nm0002404,Person 2404
nm0002405,Person 2405
nm0002406,Person 2406
nm0002407,Person 2407
nm0002408,Person 2408
nm0002409,Person 2409
nm0002410,Person 2410
nm0002411,Person 2411
nm0002412,Person 2412
nm0002413,Person 2413
nm0002414,Person 2414
nm0002415,Person 2415
nm0002416,Person 2416
nm0002417,Person 2417
nm0002418,Person 2418
nm0002419,Person 2419
nm0002420,Person 2420
nm0002421,Person 2421
nm0002422,Person 2422
nm0002423,Person 2423
nm0002424,Person 2424
nm0002425,Person 2425
nm0002426,Person 2426
nm0002427,Person 2427
nm0002428,Person 2428
nm0002429,Person 2429
nm0002430,Person 2430
nm0002431,Person 2431
nm0002432,Person 2432
nm0002433,Person 2433
nm0002434,Person 2434
nm0002435,Person 2435
nm0002436,Person 2436
nm0002437,Person 2437
nm0002438,Person 2438
nm0002439,Person 2439
nm0002440,Person 2440
nm0002441,Person 2441
nm0002442,Person 2442
nm0002443,Person 2443
nm0002444,Person 2444
nm0002445,Person 2445
nm0002446,Person 2446
nm0002447,Person 2447
nm0002448,Person 2448
nm0002449,Person 2449
nm0002450,Person 2450
nm0002451,Person 2451
nm0002452,Person 2452
nm0002453,Person 2453
nm0002454,Person 2454
nm0002455,Person 2455
nm0002456,Person 2456
nm0002457,Person 2457
nm0002458,Person 2458
nm0002459,Person 2459
nm0002460,Person 2460
nm0002461,Person 2461
nm0002462,Person 2462
nm0002463,Person 2463
nm0002464,Person 2464
nm0002465,Person 2465
nm0002466,Person 2466
nm0002467,Person 2467
nm0002468,Person 2468
nm0002469,Person 2469
nm0002470,Person 2470
nm0002471,Person 2471
nm0002472,Person 2472
nm0002473,Person 2473
nm0002474,Person 2474
nm0002475,Person 2475
nm0002476,Person 2476
nm0002477,Person 2477
nm0002478,Person 2478
nm0002479,Person 2479
nm0002480,Person 2480
nm0002481,Person 2481
nm0002482,Person 2482
nm0002483,Person 2483
nm0002484,Person 2484
nm0002485,Person 2485
nm0002486,Person 2486
nm0002487,Person 2487
nm0002488,Person 2488
nm0002489,Person 2489
nm0002490,Person 2490
nm0002491,Person 2491
nm0002492,Person 2492
nm0002493,Person 2493
nm0002494,Person 2494
nm0002495,Person 2495
nm0002496,Person 2496
nm0002497,Person 2497
nm0002498,Person 2498
nm0002499,Person 2499
nm0002500,Person 2500
nm0002501,Person 2501
nm0002502,Person 2502
nm0002503,Person 2503
nm0002504,Person 2504
nm0002505,Person 2505
nm0002506,Person 2506
nm0002507,Person 2507
nm0002508,Person 2508
nm0002509,Person 2509
nm0002510,Person 2510
nm0002511,Person 2511
nm0002512,Person 2512
nm0002513,Person 2513
nm0002514,Person 2514
nm0002515,Person 2515
nm0002516,Person 2516
nm0002517,Person 2517
nm0002518,Person 2518
nm0002519,Person 2519
nm0002520,Person 2520
nm0002521,Person 2521
nm0002522,Person 2522
nm0002523,Person 2523
nm0002524,Person 2524
nm0002525,Person 2525
nm0002526,Person 2526
nm0002527,Person 2527
nm0002528,Person 2528
nm0002529,Person 2529
nm0002530,Person 2530
nm0002531,Person 2531
nm0002532,Person 2532
nm0002533,Person 2533
nm0002534,Person 2534
nm0002535,Person 2535
nm0002536,Person 2536
nm0002537,Person 2537
nm0002538,Person 2538
nm0002539,Person 2539
nm0002540,Person 2540
nm0002541,Person 2541
nm0002542,Person 2542
nm0002543,Person 2543
nm0002544,Person 2544
nm0002545,Person 2545
nm0002546,Person 2546
nm0002547,Person 2547
nm0002548,Person 2548
nm0002549,Person 2549
nm0002550,Person 2550
nm0002551,Person 2551
nm0002552,Person 2552
nm0002553,Person 2553
nm0002554,Person 2554
nm0002555,Person 2555
nm0002556,Person 2556
nm0002557,Person 2557
nm0002558,Person 2558
nm0002559,Person 2559
nm0002560,Person 2560
nm0002561,Person 2561
nm0002562,Person 2562
nm0002563,Person 2563
nm0002564,Person 2564
nm0002565,Person 2565
nm0002566,Person 2566
nm0002567,Person 2567
nm0002568,Person 2568
nm0002569,Person 2569
nm0002570,Person 2570
nm0002571,Person 2571
nm0002572,Person 2572
nm0002573,Person 2573
nm0002574,Person 2574
nm0002575,Person 2575
nm0002576,Person 2576
nm0002577,Person 2577
nm0002578,Person 2578
nm0002579,Person 2579
nm0002580,Person 2580
nm0002581,Person 2581
nm0002582,Person 2582
nm0002583,Person 2583
nm0002584,Person 2584
nm0002585,Person 2585
nm0002586,Person 2586
nm0002587,Person 2587
nm0002588,Person 2588
nm0002589,Person 2589
nm0002590,Person 2590
nm0002591,Person 2591
nm0002592,Person 2592
nm0002593,Person 2593
nm0002594,Person 2594
nm0002595,Person 2595
nm0002596,Person 2596
nm0002597,Person 2597
nm0002598,Person 2598
nm0002599,Person 2599
nm0002600,Person 2600
nm0002601,Person 2601
nm0002602,Person 2602
nm0002603,Person 2603
nm0002604,Person 2604
nm0002605,Person 2605
nm0002606,Person 2606
nm0002607,Person 2607
nm0002608,Person 2608
nm0002609,Person 2609
nm0002610,Person 2610
nm0002611,Person 2611
nm0002612,Person 2612
nm0002613,Person 2613
nm0002614,Person 2614
nm0002615,Person 2615
nm0002616,Person 2616
nm0002617,Person 2617
nm0002618,Person 2618
nm0002619,Person 2619
nm0002620,Person 2620
nm0002621,Person 2621
nm0002622,Person 2622
nm0002623,Person 2623
nm0002624,Person 2624
nm0002625,Person 2625
nm0002626,Person 2626
nm0002627,Person 2627
nm0002628,Person 2628
nm0002629,Person 2629
nm0002630,Person 2630
nm0002631,Person 2631
nm0002632,Person 2632
nm0002633,Person 2633
nm0002634,Person 2634
nm0002635,Person 2635
nm0002636,Person 2636
nm0002637,Person 2637
nm0002638,Person 2638
nm0002639,Person 2639
nm0002640,Person 2640
nm0002641,Person 2641
nm0002642,Person 2642
nm0002643,Person 2643
nm0002644,Person 2644
nm0002645,Person 2645
nm0002646,Person 2646
nm0002647,Person 2647
nm0002648,Person 2648
nm0002649,Person 2649
nm0002650,Person 2650
nm0002651,Person 2651
nm0002652,Person 2652
nm0002653,Person 2653
nm0002654,Person 2654
nm0002655,Person 2655
nm0002656,Person 2656
nm0002657,Person 2657
nm0002658,Person 2658
nm0002659,Person 2659
nm0002660,Person 2660
nm0002661,Person 2661
nm0002662,Person 2662
nm0002663,Person 2663
nm0002664,Person 2664
nm0002665,Person 2665
nm0002666,Person 2666
nm0002667,Person 2667
nm0002668,Person 2668
nm0002669,Person 2669
nm0002670,Person 2670
nm0002671,Person 2671
nm0002672,Person 2672
nm0002673,Person 2673
nm0002674,Person 2674
nm0002675,Person 2675
nm0002676,Person 2676
nm0002677,Person 2677
nm0002678,Person 2678
nm0002679,Person 2679
nm0002680,Person 2680
nm0002681,Person 2681
nm0002682,Person 2682
nm0002683,Person 2683
nm0002684,Person 2684
nm0002685,Person 2685
nm0002686,Person 2686
nm0002687,Person 2687
nm0002688,Person 2688
nm0002689,Person 2689
nm0002690,Person 2690
nm0002691,Person 2691
nm0002692,Person 2692
nm0002693,Person 2693
nm0002694,Person 2694
nm0002695,Person 2695
nm0002696,Person 2696
nm0002697,Person 2697
nm0002698,Person 2698
nm0002699,Person 2699
nm0002700,Person 2700
nm0002701,Person 2701
nm0002702,Person 2702
nm0002703,Person 2703
nm0002704,Person 2704
nm0002705,Person 2705
nm0002706,Person 2706
nm0002707,Person 2707
nm0002708,Person 2708
nm0002709,Person 2709
nm0002710,Person 2710
nm0002711,Person 2711
nm0002712,Person 2712
nm0002713,Person 2713
nm0002714,Person 2714
nm0002715,Person 2715
nm0002716,Person 2716
nm0002717,Person 2717
nm0002718,Person 2718
nm0002719,Person 2719
nm0002720,Person 2720
nm0002721,Person 2721
nm0002722,Person 2722
nm0002723,Person 2723
nm0002724,Person 2724
nm0002725,Person 2725
nm0002726,Person 2726
nm0002727,Person 2727
nm0002728,Person 2728
nm0002729,Person 2729
nm0002730,Person 2730
nm0002731,Person 2731
nm0002732,Person 2732
nm0002733,Person 2733
nm0002734,Person 2734
nm0002735,Person 2735
nm0002736,Person 2736
nm0002737,Person 2737
nm0002738,Person 2738
nm0002739,Person 2739
nm0002740,Person 2740
nm0002741,Person 2741
nm0002742,Person 2742
nm0002743,Person 2743
nm0002744,Person 2744
nm0002745,Person 2745
nm0002746,Person 2746
nm0002747,Person 2747
nm0002748,Person 2748
nm0002749,Person 2749
nm0002750,Person 2750
nm0002751,Person 2751
nm0002752,Person 2752
nm0002753,Person 2753
nm0002754,Person 2754
nm0002755,Person 2755
nm0002756,Person 2756
nm0002757,Person 2757
nm0002758,Person 2758
nm0002759,Person 2759
nm0002760,Person 2760
nm0002761,Person 2761
nm0002762,Person 2762
nm0002763,Person 2763
nm0002764,Person 2764
nm0002765,Person 2765
nm0002766,Person 2766
nm0002767,Person 2767
nm0002768,Person 2768
nm0002769,Person 2769
nm0002770,Person 2770
nm0002771,Person 2771
nm0002772,Person 2772
nm0002773,Person 2773
nm0002774,Person 2774
nm0002775,Person 2775
nm0002776,Person 2776
nm0002777,Person 2777
nm0002778,Person 2778
nm0002779,Person 2779
nm0002780,Person 2780
nm0002781,Person 2781
nm0002782,Person 2782
nm0002783,Person 2783
nm0002784,Person 2784
nm0002785,Person 2785
nm0002786,Person 2786
nm0002787,Person 2787
nm0002788,Person 2788
nm0002789,Person 2789
nm0002790,Person 2790
nm0002791,Person 2791
nm0002792,Person 2792
nm0002793,Person 2793
nm0002794,Person 2794
nm0002795,Person 2795
nm0002796,Person 2796
nm0002797,Person 2797
nm0002798,Person 2798
nm0002799,Person 2799
nm0002800,Person 2800
nm0002801,Person 2801
nm0002802,Person 2802
nm0002803,Person 2803
nm0002804,Person 2804
nm0002805,Person 2805
nm0002806,Person 2806
nm0002807,Person 2807
nm0002808,Person 2808
nm0002809,Person 2809
nm0002810,Person 2810
nm0002811,Person 2811
nm0002812,Person 2812
nm0002813,Person 2813
nm0002814,Person 2814
nm0002815,Person 2815
nm0002816,Person 2816
nm0002817,Person 2817
nm0002818,Person 2818
nm0002819,Person 2819
nm0002820,Person 2820
nm0002821,Person 2821
nm0002822,Person 2822
nm0002823,Person 2823
nm0002824,Person 2824
nm0002825,Person 2825
nm0002826,Person 2826
nm0002827,Person 2827
nm0002828,Person 2828
nm0002829,Person 2829
nm0002830,Person 2830
nm0002831,Person 2831
nm0002832,Person 2832
nm0002833,Person 2833
nm0002834,Person 2834
nm0002835,Person 2835
nm0002836,Person 2836
nm0002837,Person 2837
nm0002838,Person 2838
nm0002839,Person 2839
nm0002840,Person 2840
nm0002841,Person 2841
nm0002842,Person 2842
nm0002843,Person 2843
nm0002844,Person 2844
nm0002845,Person 2845
nm0002846,Person 2846
nm0002847,Person 2847
nm0002848,Person 2848
nm0002849,Person 2849
nm0002850,Person 2850
nm0002851,Person 2851
nm0002852,Person 2852
nm0002853,Person 2853
nm0002854,Person 2854
nm0002855,Person 2855
nm0002856,Person 2856
nm0002857,Person 2857
nm0002858,Person 2858
nm0002859,Person 2859
nm0002860,Person 2860
nm0002861,Person 2861
nm0002862,Person 2862
nm0002863,Person 2863
nm0002864,Person 2864
nm0002865,Person 2865
nm0002866,Person 2866
nm0002867,Person 2867
nm0002868,Person 2868
nm0002869,Person 2869
nm0002870,Person 2870
nm0002871,Person 2871
nm0002872,Person 2872
nm0002873,Person 2873
nm0002874,Person 2874
nm0002875,Person 2875
nm0002876,Person 2876
nm0002877,Person 2877
nm0002878,Person 2878
nm0002879,Person 2879
nm0002880,Person 2880
nm0002881,Person 2881
nm0002882,Person 2882
nm0002883,Person 2883
nm0002884,Person 2884
nm0002885,Person 2885
nm0002886,Person 2886
nm0002887,Person 2887
nm0002888,Person 2888
nm0002889,Person 2889
nm0002890,Person 2890
nm0002891,Person 2891
nm0002892,Person 2892
nm0002893,Person 2893
nm0002894,Person 2894
nm0002895,Person 2895
nm0002896,Person 2896
nm0002897,Person 2897
nm0002898,Person 2898
nm0002899,Person 2899
nm0002900,Person 2900
nm0002901,Person 2901
nm0002902,Person 2902
nm0002903,Person 2903
nm0002904,Person 2904
nm0002905,Person 2905
nm0002906,Person 2906
nm0002907,Person 2907
nm0002908,Person 2908
nm0002909,Person 2909
nm0002910,Person 2910
nm0002911,Person 2911
nm0002912,Person 2912
nm0002913,Person 2913
nm0002914,Person 2914
nm0002915,Person 2915
nm0002916,Person 2916
nm0002917,Person 2917
nm0002918,Person 2918
nm0002919,Person 2919
nm0002920,Person 2920
nm0002921,Person 2921
nm0002922,Person 2922
nm0002923,Person 2923
nm0002924,Person 2924
nm0002925,Person 2925
nm0002926,Person 2926
nm0002927,Person 2927
nm0002928,Person 2928
nm0002929,Person 2929
nm0002930,Person 2930
nm0002931,Person 2931
nm0002932,Person 2932
nm0002933,Person 2933
nm0002934,Person 2934
nm0002935,Person 2935
nm0002936,Person 2936
nm0002937,Person 2937
nm0002938,Person 2938
nm0002939,Person 2939
nm0002940,Person 2940
nm0002941,Person 2941
nm0002942,Person 2942
nm0002943,Person 2943
nm0002944,Person 2944
nm0002945,Person 2945
nm0002946,Person 2946
nm0002947,Person 2947
nm0002948,Person 2948
nm0002949,Person 2949
nm0002950,Person 2950
nm0002951,Person 2951
nm0002952,Person 2952
nm0002953,Person 2953
nm0002954,Person 2954
nm0002955,Person 2955
nm0002956,Person 2956
nm0002957,Person 2957
nm0002958,Person 2958
nm0002959,Person 2959
nm0002960,Person 2960
nm0002961,Person 2961
nm0002962,Person 2962
nm0002963,Person 2963
nm0002964,Person 2964
nm0002965,Person 2965
nm0002966,Person 2966
nm0002967,Person 2967
nm0002968,Person 2968
nm0002969,Person 2969
nm0002970,Person 2970
nm0002971,Person 2971
nm0002972,Person 2972
nm0002973,Person 2973
nm0002974,Person 2974
nm0002975,Person 2975
nm0002976,Person 2976
nm0002977,Person 2977
nm0002978,Person 2978
nm0002979,Person 2979
nm0002980,Person 2980
nm0002981,Person 2981
nm0002982,Person 2982
nm0002983,Person 2983
nm0002984,Person 2984
nm0002985,Person 2985
nm0002986,Person 2986
nm0002987,Person 2987
nm0002988,Person 2988
nm0002989,Person 2989
nm0002990,Person 2990
nm0002991,Person 2991
nm0002992,Person 2992
nm0002993,Person 2993
nm0002994,Person 2994
nm0002995,Person 2995
nm0002996,Person 2996
nm0002997,Person 2997
nm0002998,Person 2998
nm0002999,Person 2999
nm0003000,Person 3000
nm0003001,Person 3001
nm0003002,Person 3002
nm0003003,Person 3003
nm0003004,Person 3004
nm0003005,Person 3005
nm0003006,Person 3006
nm0003007,Person 3007
nm0003008,Person 3008
nm0003009,Person 3009
nm0003010,Person 3010
nm0003011,Person 3011
nm0003012,Person 3012
nm0003013,Person 3013
nm0003014,Person 3014
nm0003015,Person 3015
nm0003016,Person 3016
nm0003017,Person 3017
nm0003018,Person 3018
nm0003019,Person 3019
nm0003020,Person 3020
nm0003021,Person 3021
nm0003022,Person 3022
nm0003023,Person 3023
nm0003024,Person 3024
nm0003025,Person 3025
nm0003026,Person 3026
nm0003027,Person 3027
nm0003028,Person 3028
nm0003029,Person 3029
nm0003030,Person 3030
nm0003031,Person 3031
nm0003032,Person 3032
nm0003033,Person 3033
nm0003034,Person 3034
nm0003035,Person 3035
nm0003036,Person 3036
nm0003037,Person 3037
nm0003038,Person 3038
nm0003039,Person 3039
nm0003040,Person 3040
nm0003041,Person 3041
nm0003042,Person 3042
nm0003043,Person 3043
nm0003044,Person 3044
nm0003045,Person 3045
nm0003046,Person 3046
nm0003047,Person 3047
nm0003048,Person 3048
nm0003049,Person 3049
nm0003050,Person 3050
nm0003051,Person 3051
nm0003052,Person 3052
nm0003053,Person 3053
nm0003054,Person 3054
nm0003055,Person 3055
nm0003056,Person 3056
nm0003057,Person 3057
nm0003058,Person 3058
nm0003059,Person 3059
nm0003060,Person 3060
nm0003061,Person 3061
nm0003062,Person 3062
nm0003063,Person 3063
nm0003064,Person 3064
nm0003065,Person 3065
nm0003066,Person 3066
nm0003067,Person 3067
nm0003068,Person 3068
nm0003069,Person 3069
nm0003070,Person 3070
nm0003071,Person 3071
nm0003072,Person 3072
nm0003073,Person 3073
nm0003074,Person 3074
nm0003075,Person 3075
nm0003076,Person 3076
nm0003077,Person 3077
nm0003078,Person 3078
nm0003079,Person 3079
nm0003080,Person 3080
nm0003081,Person 3081
nm0003082,Person 3082
nm0003083,Person 3083
nm0003084,Person 3084
nm0003085,Person 3085
nm0003086,Person 3086
nm0003087,Person 3087
nm0003088,Person 3088
nm0003089,Person 3089
nm0003090,Person 3090
nm0003091,Person 3091
nm0003092,Person 3092
nm0003093,Person 3093
nm0003094,Person 3094
nm0003095,Person 3095
nm0003096,Person 3096
nm0003097,Person 3097
nm0003098,Person 3098
nm0003099,Person 3099
nm0003100,Person 3100
nm0003101,Person 3101
nm0003102,Person 3102
nm0003103,Person 3103
nm0003104,Person 3104
nm0003105,Person 3105
nm0003106,Person 3106
nm0003107,Person 3107
nm0003108,Person 3108
nm0003109,Person 3109
nm0003110,Person 3110
nm0003111,Person 3111
nm0003112,Person 3112
nm0003113,Person 3113
nm0003114,Person 3114
nm0003115,Person 3115
nm0003116,Person 3116
nm0003117,Person 3117
nm0003118,Person 3118
nm0003119,Person 3119
nm0003120,Person 3120
nm0003121,Person 3121
nm0003122,Person 3122
nm0003123,Person 3123
nm0003124,Person 3124
nm0003125,Person 3125
nm0003126,Person 3126
nm0003127,Person 3127
nm0003128,Person 3128
nm0003129,Person 3129
nm0003130,Person 3130
nm0003131,Person 3131
nm0003132,Person 3132
nm0003133,Person 3133
nm0003134,Person 3134
nm0003135,Person 3135
nm0003136,Person 3136
nm0003137,Person 3137
nm0003138,Person 3138
nm0003139,Person 3139
nm0003140,Person 3140
nm0003141,Person 3141
nm0003142,Person 3142
nm0003143,Person 3143
nm0003144,Person 3144
nm0003145,Person 3145
nm0003146,Person 3146
nm0003147,Person 3147
nm0003148,Person 3148
nm0003149,Person 3149
nm0003150,Person 3150
nm0003151,Person 3151
nm0003152,Person 3152
nm0003153,Person 3153
nm0003154,Person 3154
nm0003155,Person 3155
nm0003156,Person 3156
nm0003157,Person 3157
nm0003158,Person 3158
nm0003159,Person 3159
nm0003160,Person 3160
nm0003161,Person 3161
nm0003162,Person 3162
nm0003163,Person 3163
nm0003164,Person 3164
nm0003165,Person 3165
nm0003166,Person 3166
nm0003167,Person 3167
nm0003168,Person 3168
nm0003169,Person 3169
nm0003170,Person 3170
nm0003171,Person 3171
nm0003172,Person 3172
nm0003173,Person 3173
nm0003174,Person 3174
nm0003175,Person 3175
nm0003176,Person 3176
nm0003177,Person 3177
nm0003178,Person 3178
nm0003179,Person 3179
nm0003180,Person 3180
nm0003181,Person 3181
nm0003182,Person 3182
nm0003183,Person 3183
nm0003184,Person 3184
nm0003185,Person 3185
nm0003186,Person 3186
nm0003187,Person 3187
nm0003188,Person 3188
nm0003189,Person 3189
nm0003190,Person 3190
nm0003191,Person 3191
nm0003192,Person 3192
nm0003193,Person 3193
nm0003194,Person 3194
nm0003195,Person 3195
nm0003196,Person 3196
nm0003197,Person 3197
nm0003198,Person 3198
nm0003199,Person 3199
nm0003200,Person 3200
nm0003201,Person 3201
nm0003202,Person 3202
nm0003203,Person 3203
nm0003204,Person 3204
nm0003205,Person 3205
nm0003206,Person 3206
nm0003207,Person 3207
nm0003208,Person 3208
nm0003209,Person 3209
nm0003210,Person 3210
nm0003211,Person 3211
nm0003212,Person 3212
nm0003213,Person 3213
nm0003214,Person 3214
nm0003215,Person 3215
nm0003216,Person 3216
nm0003217,Person 3217
nm0003218,Person 3218
nm0003219,Person 3219
nm0003220,Person 3220
nm0003221,Person 3221
nm0003222,Person 3222
nm0003223,Person 3223
nm0003224,Person 3224
nm0003225,Person 3225
nm0003226,Person 3226
nm0003227,Person 3227
nm0003228,Person 3228
nm0003229,Person 3229
nm0003230,Person 3230
nm0003231,Person 3231
nm0003232,Person 3232
nm0003233,Person 3233
nm0003234,Person 3234
nm0003235,Person 3235
nm0003236,Person 3236
nm0003237,Person 3237
nm0003238,Person 3238
nm0003239,Person 3239
nm0003240,Person 3240
nm0003241,Person 3241
nm0003242,Person 3242
nm0003243,Person 3243
nm0003244,Person 3244
nm0003245,Person 3245
nm0003246,Person 3246
nm0003247,Person 3247
nm0003248,Person 3248
nm0003249,Person 3249
nm0003250,Person 3250
nm0003251,Person 3251
nm0003252,Person 3252
nm0003253,Person 3253
nm0003254,Person 3254
nm0003255,Person 3255
nm0003256,Person 3256
nm0003257,Person 3257
nm0003258,Person 3258
nm0003259,Person 3259
nm0003260,Person 3260
nm0003261,Person 3261
nm0003262,Person 3262
nm0003263,Person 3263
nm0003264,Person 3264
nm0003265,Person 3265
nm0003266,Person 3266
nm0003267,Person 3267
nm0003268,Person 3268
nm0003269,Person 3269
nm0003270,Person 3270
nm0003271,Person 3271
nm0003272,Person 3272
nm0003273,Person 3273
nm0003274,Person 3274
nm0003275,Person 3275
nm0003276,Person 3276
nm0003277,Person 3277
nm0003278,Person 3278
nm0003279,Person 3279
nm0003280,Person 3280
nm0003281,Person 3281
nm0003282,Person 3282
nm0003283,Person 3283
nm0003284,Person 3284
nm0003285,Person 3285
nm0003286,Person 3286
nm0003287,Person 3287
nm0003288,Person 3288
nm0003289,Person 3289
nm0003290,Person 3290
nm0003291,Person 3291
nm0003292,Person 3292
nm0003293,Person 3293
nm0003294,Person 3294
nm0003295,Person 3295
nm0003296,Person 3296
nm0003297,Person 3297
nm0003298,Person 3298
nm0003299,Person 3299
nm0003300,Person 3300
nm0003301,Person 3301
nm0003302,Person 3302
nm0003303,Person 3303
nm0003304,Person 3304
nm0003305,Person 3305
nm0003306,Person 3306
nm0003307,Person 3307
nm0003308,Person 3308
nm0003309,Person 3309
nm0003310,Person 3310
nm0003311,Person 3311
nm0003312,Person 3312
nm0003313,Person 3313
nm0003314,Person 3314
nm0003315,Person 3315
nm0003316,Person 3316
nm0003317,Person 3317
nm0003318,Person 3318
nm0003319,Person 3319
nm0003320,Person 3320
nm0003321,Person 3321
nm0003322,Person 3322
nm0003323,Person 3323
nm0003324,Person 3324
nm0003325,Person 3325
nm0003326,Person 3326
nm0003327,Person 3327
nm0003328,Person 3328
nm0003329,Person 3329
nm0003330,Person 3330
nm0003331,Person 3331
nm0003332,Person 3332
nm0003333,Person 3333
nm0003334,Person 3334
nm0003335,Person 3335
nm0003336,Person 3336
nm0003337,Person 3337
nm0003338,Person 3338
nm0003339,Person 3339
nm0003340,Person 3340
nm0003341,Person 3341
nm0003342,Person 3342
nm0003343,Person 3343
nm0003344,Person 3344
nm0003345,Person 3345
nm0003346,Person 3346
nm0003347,Person 3347
nm0003348,Person 3348
nm0003349,Person 3349
nm0003350,Person 3350
nm0003351,Person 3351
nm0003352,Person 3352
nm0003353,Person 3353
nm0003354,Person 3354
nm0003355,Person 3355
nm0003356,Person 3356
nm0003357,Person 3357
nm0003358,Person 3358
nm0003359,Person 3359
nm0003360,Person 3360
nm0003361,Person 3361
nm0003362,Person 3362
nm0003363,Person 3363
nm0003364,Person 3364
nm0003365,Person 3365
nm0003366,Person 3366
nm0003367,Person 3367
nm0003368,Person 3368
nm0003369,Person 3369
nm0003370,Person 3370
nm0003371,Person 3371
nm0003372,Person 3372
nm0003373,Person 3373
nm0003374,Person 3374
nm0003375,Person 3375
nm0003376,Person 3376
nm0003377,Person 3377
nm0003378,Person 3378
nm0003379,Person 3379
nm0003380,Person 3380
nm0003381,Person 3381
nm0003382,Person 3382
nm0003383,Person 3383
nm0003384,Person 3384
nm0003385,Person 3385
nm0003386,Person 3386
nm0003387,Person 3387
nm0003388,Person 3388
nm0003389,Person 3389
nm0003390,Person 3390
nm0003391,Person 3391
nm0003392,Person 3392
nm0003393,Person 3393
nm0003394,Person 3394
nm0003395,Person 3395
nm0003396,Person 3396
nm0003397,Person 3397
nm0003398,Person 3398
nm0003399,Person 3399
nm0003400,Person 3400
nm0003401,Person 3401
nm0003402,Person 3402
nm0003403,Person 3403
nm0003404,Person 3404
nm0003405,Person 3405
nm0003406,Person 3406
nm0003407,Person 3407
nm0003408,Person 3408
nm0003409,Person 3409
nm0003410,Person 3410
nm0003411,Person 3411
nm0003412,Person 3412
nm0003413,Person 3413
nm0003414,Person 3414
nm0003415,Person 3415
nm0003416,Person 3416
nm0003417,Person 3417
nm0003418,Person 3418
nm0003419,Person 3419
nm0003420,Person 3420
nm0003421,Person 3421
nm0003422,Person 3422
nm0003423,Person 3423
nm0003424,Person 3424
nm0003425,Person 3425
nm0003426,Person 3426
nm0003427,Person 3427
nm0003428,Person 3428
nm0003429,Person 3429
nm0003430,Person 3430
nm0003431,Person 3431
nm0003432,Person 3432
nm0003433,Person 3433
nm0003434,Person 3434
nm0003435,Person 3435
nm0003436,Person 3436
nm0003437,Person 3437
nm0003438,Person 3438
nm0003439,Person 3439
nm0003440,Person 3440
nm0003441,Person 3441
nm0003442,Person 3442
nm0003443,Person 3443
nm0003444,Person 3444
nm0003445,Person 3445
nm0003446,Person 3446
nm0003447,Person 3447
nm0003448,Person 3448
nm0003449,Person 3449
nm0003450,Person 3450
nm0003451,Person 3451
nm0003452,Person 3452
nm0003453,Person 3453
nm0003454,Person 3454
nm0003455,Person 3455
nm0003456,Person 3456
nm0003457,Person 3457
nm0003458,Person 3458
nm0003459,Person 3459
nm0003460,Person 3460
nm0003461,Person 3461
nm0003462,Person 3462
nm0003463,Person 3463
nm0003464,Person 3464
nm0003465,Person 3465
nm0003466,Person 3466
nm0003467,Person 3467
nm0003468,Person 3468
nm0003469,Person 3469
nm0003470,Person 3470
nm0003471,Person 3471
nm0003472,Person 3472
nm0003473,Person 3473
nm0003474,Person 3474
nm0003475,Person 3475
nm0003476,Person 3476
nm0003477,Person 3477
nm0003478,Person 3478
nm0003479,Person 3479
nm0003480,Person 3480
nm0003481,Person 3481
nm0003482,Person 3482
nm0003483,Person 3483
nm0003484,Person 3484
nm0003485,Person 3485
nm0003486,Person 3486
nm0003487,Person 3487
nm0003488,Person 3488
nm0003489,Person 3489
nm0003490,Person 3490
nm0003491,Person 3491
nm0003492,Person 3492
nm0003493,Person 3493
nm0003494,Person 3494
nm0003495,Person 3495
nm0003496,Person 3496
nm0003497,Person 3497
nm0003498,Person 3498
nm0003499,Person 3499
nm0003500,Person 3500
nm0003501,Person 3501
nm0003502,Person 3502
nm0003503,Person 3503
nm0003504,Person 3504
nm0003505,Person 3505
nm0003506,Person 3506
nm0003507,Person 3507
nm0003508,Person 3508
nm0003509,Person 3509
nm0003510,Person 3510
nm0003511,Person 3511
nm0003512,Person 3512
nm0003513,Person 3513
nm0003514,Person 3514
nm0003515,Person 3515
nm0003516,Person 3516
nm0003517,Person 3517
nm0003518,Person 3518
nm0003519,Person 3519
nm0003520,Person 3520
nm0003521,Person 3521
nm0003522,Person 3522
nm0003523,Person 3523
nm0003524,Person 3524
nm0003525,Person 3525
nm0003526,Person 3526
nm0003527,Person 3527
nm0003528,Person 3528
nm0003529,Person 3529
nm0003530,Person 3530
nm0003531,Person 3531
nm0003532,Person 3532
nm0003533,Person 3533
nm0003534,Person 3534
nm0003535,Person 3535
nm0003536,Person 3536
nm0003537,Person 3537
nm0003538,Person 3538
nm0003539,Person 3539
nm0003540,Person 3540
nm0003541,Person 3541
nm0003542,Person 3542
nm0003543,Person 3543
nm0003544,Person 3544
nm0003545,Person 3545
nm0003546,Person 3546
nm0003547,Person 3547
nm0003548,Person 3548
nm0003549,Person 3549
nm0003550,Person 3550
nm0003551,Person 3551
nm0003552,Person 3552
nm0003553,Person 3553
nm0003554,Person 3554
nm0003555,Person 3555
nm0003556,Person 3556
nm0003557,Person 3557
nm0003558,Person 3558
nm0003559,Person 3559
nm0003560,Person 3560
nm0003561,Person 3561
nm0003562,Person 3562
nm0003563,Person 3563
nm0003564,Person 3564
nm0003565,Person 3565
nm0003566,Person 3566
nm0003567,Person 3567
nm0003568,Person 3568
nm0003569,Person 3569
nm0003570,Person 3570
nm0003571,Person 3571
nm0003572,Person 3572
nm0003573,Person 3573
nm0003574,Person 3574
nm0003575,Person 3575
nm0003576,Person 3576
nm0003577,Person 3577
nm0003578,Person 3578
nm0003579,Person 3579
nm0003580,Person 3580
nm0003581,Person 3581
nm0003582,Person 3582
nm0003583,Person 3583
nm0003584,Person 3584
nm0003585,Person 3585
nm0003586,Person 3586
nm0003587,Person 3587
nm0003588,Person 3588
nm0003589,Person 3589
nm0003590,Person 3590
nm0003591,Person 3591
nm0003592,Person 3592
nm0003593,Person 3593
nm0003594,Person 3594
nm0003595,Person 3595
nm0003596,Person 3596
nm0003597,Person 3597
nm0003598,Person 3598
nm0003599,Person 3599
nm0003600,Person 3600
nm0003601,Person 3601
nm0003602,Person 3602
nm0003603,Person 3603
nm0003604,Person 3604
nm0003605,Person 3605
nm0003606,Person 3606
nm0003607,Person 3607
nm0003608,Person 3608
nm0003609,Person 3609
nm0003610,Person 3610
nm0003611,Person 3611
nm0003612,Person 3612
nm0003613,Person 3613
nm0003614,Person 3614
nm0003615,Person 3615
nm0003616,Person 3616
nm0003617,Person 3617
nm0003618,Person 3618
nm0003619,Person 3619
nm0003620,Person 3620
nm0003621,Person 3621
nm0003622,Person 3622
nm0003623,Person 3623
nm0003624,Person 3624
nm0003625,Person 3625
nm0003626,Person 3626
nm0003627,Person 3627
nm0003628,Person 3628
nm0003629,Person 3629
nm0003630,Person 3630
nm0003631,Person 3631
nm0003632,Person 3632
nm0003633,Person 3633
nm0003634,Person 3634
nm0003635,Person 3635
nm0003636,Person 3636
nm0003637,Person 3637
nm0003638,Person 3638
nm0003639,Person 3639
nm0003640,Person 3640
nm0003641,Person 3641
nm0003642,Person 3642
nm0003643,Person 3643
nm0003644,Person 3644
nm0003645,Person 3645
nm0003646,Person 3646
nm0003647,Person 3647
nm0003648,Person 3648
nm0003649,Person 3649
nm0003650,Person 3650
nm0003651,Person 3651
nm0003652,Person 3652
nm0003653,Person 3653
nm0003654,Person 3654
nm0003655,Person 3655
nm0003656,Person 3656
nm0003657,Person 3657
nm0003658,Person 3658
nm0003659,Person 3659
nm0003660,Person 3660
nm0003661,Person 3661
nm0003662,Person 3662
nm0003663,Person 3663
nm0003664,Person 3664
nm0003665,Person 3665
nm0003666,Person 3666
nm0003667,Person 3667
nm0003668,Person 3668
nm0003669,Person 3669
nm0003670,Person 3670
nm0003671,Person 3671
nm0003672,Person 3672
nm0003673,Person 3673
nm0003674,Person 3674
nm0003675,Person 3675
nm0003676,Person 3676
nm0003677,Person 3677
nm0003678,Person 3678
nm0003679,Person 3679
nm0003680,Person 3680
nm0003681,Person 3681
nm0003682,Person 3682
nm0003683,Person 3683
nm0003684,Person 3684
nm0003685,Person 3685
nm0003686,Person 3686
nm0003687,Person 3687
nm0003688,Person 3688
nm0003689,Person 3689
nm0003690,Person 3690
nm0003691,Person 3691
nm0003692,Person 3692
nm0003693,Person 3693
nm0003694,Person 3694
nm0003695,Person 3695
nm0003696,Person 3696
nm0003697,Person 3697
nm0003698,Person 3698
nm0003699,Person 3699
nm0003700,Person 3700
nm0003701,Person 3701
nm0003702,Person 3702
nm0003703,Person 3703
nm0003704,Person 3704
nm0003705,Person 3705
nm0003706,Person 3706
nm0003707,Person 3707
nm0003708,Person 3708
nm0003709,Person 3709
nm0003710,Person 3710
nm0003711,Person 3711
nm0003712,Person 3712
nm0003713,Person 3713
nm0003714,Person 3714
nm0003715,Person 3715
nm0003716,Person 3716
nm0003717,Person 3717
nm0003718,Person 3718
nm0003719,Person 3719
nm0003720,Person 3720
nm0003721,Person 3721
nm0003722,Person 3722
nm0003723,Person 3723
nm0003724,Person 3724
nm0003725,Person 3725
nm0003726,Person 3726
nm0003727,Person 3727
nm0003728,Person 3728
nm0003729,Person 3729
nm0003730,Person 3730
nm0003731,Person 3731
nm0003732,Person 3732
nm0003733,Person 3733
nm0003734,Person 3734
nm0003735,Person 3735
nm0003736,Person 3736
nm0003737,Person 3737
nm0003738,Person 3738
nm0003739,Person 3739
nm0003740,Person 3740
nm0003741,Person 3741
nm0003742,Person 3742
nm0003743,Person 3743
nm0003744,Person 3744
nm0003745,Person 3745
nm0003746,Person 3746
nm0003747,Person 3747
nm0003748,Person 3748
nm0003749,Person 3749
nm0003750,Person 3750
nm0003751,Person 3751
nm0003752,Person 3752
nm0003753,Person 3753
nm0003754,Person 3754
nm0003755,Person 3755
nm0003756,Person 3756
nm0003757,Person 3757
nm0003758,Person 3758
nm0003759,Person 3759
nm0003760,Person 3760
nm0003761,Person 3761
nm0003762,Person 3762
nm0003763,Person 3763
nm0003764,Person 3764
nm0003765,Person 3765
nm0003766,Person 3766
nm0003767,Person 3767
nm0003768,Person 3768
nm0003769,Person 3769
nm0003770,Person 3770
nm0003771,Person 3771
nm0003772,Person 3772
nm0003773,Person 3773
nm0003774,Person 3774
nm0003775,Person 3775
nm0003776,Person 3776
nm0003777,Person 3777
nm0003778,Person 3778
nm0003779,Person 3779
nm0003780,Person 3780
nm0003781,Person 3781
nm0003782,Person 3782
nm0003783,Person 3783
nm0003784,Person 3784
nm0003785,Person 3785
nm0003786,Person 3786
nm0003787,Person 3787
nm0003788,Person 3788
nm0003789,Person 3789
nm0003790,Person 3790
nm0003791,Person 3791
nm0003792,Person 3792
nm0003793,Person 3793
nm0003794,Person 3794
nm0003795,Person 3795
nm0003796,Person 3796
nm0003797,Person 3797
nm0003798,Person 3798
nm0003799,Person 3799
nm0003800,Person 3800
nm0003801,Person 3801
nm0003802,Person 3802
nm0003803,Person 3803
nm0003804,Person 3804
nm0003805,Person 3805
nm0003806,Person 3806
nm0003807,Person 3807
nm0003808,Person 3808
nm0003809,Person 3809
nm0003810,Person 3810
nm0003811,Person 3811
nm0003812,Person 3812
nm0003813,Person 3813
nm0003814,Person 3814
nm0003815,Person 3815
nm0003816,Person 3816
nm0003817,Person 3817
nm0003818,Person 3818
nm0003819,Person 3819
nm0003820,Person 3820
nm0003821,Person 3821
nm0003822,Person 3822
nm0003823,Person 3823
nm0003824,Person 3824
nm0003825,Person 3825
nm0003826,Person 3826
nm0003827,Person 3827
nm0003828,Person 3828
nm0003829,Person 3829
nm0003830,Person 3830
nm0003831,Person 3831
nm0003832,Person 3832
nm0003833,Person 3833
nm0003834,Person 3834
nm0003835,Person 3835
nm0003836,Person 3836
nm0003837,Person 3837
nm0003838,Person 3838
nm0003839,Person 3839
nm0003840,Person 3840
nm0003841,Person 3841
nm0003842,Person 3842
nm0003843,Person 3843
nm0003844,Person 3844
nm0003845,Person 3845
nm0003846,Person 3846
nm0003847,Person 3847
nm0003848,Person 3848
nm0003849,Person 3849
nm0003850,Person 3850
nm0003851,Person 3851
nm0003852,Person 3852
nm0003853,Person 3853
nm0003854,Person 3854
nm0003855,Person 3855
nm0003856,Person 3856
nm0003857,Person 3857
nm0003858,Person 3858
nm0003859,Person 3859
nm0003860,Person 3860
nm0003861,Person 3861
nm0003862,Person 3862
nm0003863,Person 3863
nm0003864,Person 3864
nm0003865,Person 3865
nm0003866,Person 3866
nm0003867,Person 3867
nm0003868,Person 3868
nm0003869,Person 3869
nm0003870,Person 3870
nm0003871,Person 3871
nm0003872,Person 3872
nm0003873,Person 3873
nm0003874,Person 3874
nm0003875,Person 3875
nm0003876,Person 3876
nm0003877,Person 3877
nm0003878,Person 3878
nm0003879,Person 3879
nm0003880,Person 3880
nm0003881,Person 3881
nm0003882,Person 3882
nm0003883,Person 3883
nm0003884,Person 3884
nm0003885,Person 3885
nm0003886,Person 3886
nm0003887,Person 3887
nm0003888,Person 3888
nm0003889,Person 3889
nm0003890,Person 3890
nm0003891,Person 3891
nm0003892,Person 3892
nm0003893,Person 3893
nm0003894,Person 3894
nm0003895,Person 3895
nm0003896,Person 3896
nm0003897,Person 3897
nm0003898,Person 3898
nm0003899,Person 3899
nm0003900,Person 3900
nm0003901,Person 3901
nm0003902,Person 3902
nm0003903,Person 3903
nm0003904,Person 3904
nm0003905,Person 3905
nm0003906,Person 3906
nm0003907,Person 3907
nm0003908,Person 3908
nm0003909,Person 3909
nm0003910,Person 3910
nm0003911,Person 3911
nm0003912,Person 3912
nm0003913,Person 3913
nm0003914,Person 3914
nm0003915,Person 3915
nm0003916,Person 3916
nm0003917,Person 3917
nm0003918,Person 3918
nm0003919,Person 3919
nm0003920,Person 3920
nm0003921,Person 3921
nm0003922,Person 3922
nm0003923,Person 3923
nm0003924,Person 3924
nm0003925,Person 3925
nm0003926,Person 3926
nm0003927,Person 3927
nm0003928,Person 3928
nm0003929,Person 3929
nm0003930,Person 3930
nm0003931,Person 3931
nm0003932,Person 3932
nm0003933,Person 3933
nm0003934,Person 3934
nm0003935,Person 3935
nm0003936,Person 3936
nm0003937,Person 3937
nm0003938,Person 3938
nm0003939,Person 3939
nm0003940,Person 3940
nm0003941,Person 3941
nm0003942,Person 3942
nm0003943,Person 3943
nm0003944,Person 3944
nm0003945,Person 3945
nm0003946,Person 3946
nm0003947,Person 3947
nm0003948,Person 3948
nm0003949,Person 3949
nm0003950,Person 3950
nm0003951,Person 3951
nm0003952,Person 3952
nm0003953,Person 3953
nm0003954,Person 3954
nm0003955,Person 3955
nm0003956,Person 3956
nm0003957,Person 3957
nm0003958,Person 3958
nm0003959,Person 3959
nm0003960,Person 3960
nm0003961,Person 3961
nm0003962,Person 3962
nm0003963,Person 3963
nm0003964,Person 3964
nm0003965,Person 3965
nm0003966,Person 3966
nm0003967,Person 3967
nm0003968,Person 3968
nm0003969,Person 3969
nm0003970,Person 3970
nm0003971,Person 3971
nm0003972,Person 3972
nm0003973,Person 3973
nm0003974,Person 3974
nm0003975,Person 3975
nm0003976,Person 3976
nm0003977,Person 3977
nm0003978,Person 3978
nm0003979,Person 3979
nm0003980,Person 3980
nm0003981,Person 3981
nm0003982,Person 3982
nm0003983,Person 3983
nm0003984,Person 3984
nm0003985,Person 3985
nm0003986,Person 3986
nm0003987,Person 3987
nm0003988,Person 3988
nm0003989,Person 3989
nm0003990,Person 3990
nm0003991,Person 3991
nm0003992,Person 3992
nm0003993,Person 3993
nm0003994,Person 3994
nm0003995,Person 3995
nm0003996,Person 3996
nm0003997,Person 3997
nm0003998,Person 3998
nm0003999,Person 3999
nm0004000,Person 4000
